{"type":"FeatureCollection","features":[{"type":"Feature","geometry":{"bbox":[120.40785085400012,23.498402692000074,120.43388339500014,23.52058238200007],"type":"Polygon","coordinates":[[[120.42503857600002,23.51999594600005],[120.42591989400012,23.51981633400004],[120.42612550000003,23.519579923000038],[120.42613517000007,23.519568805000063],[120.42693733500005,23.51861910300005],[120.42771751600003,23.517727712000067],[120.42800329900001,23.517401189000054],[120.4280402500001,23.517358969000043],[120.42868050700007,23.516553139000052],[120.42935783400003,23.515867460000038],[120.43032385300013,23.514889522000033],[120.43089358500005,23.51431275300007],[120.43094970000004,23.51428030900007],[120.4313863870001,23.514027845000044],[120.43169462100002,23.513861913000028],[120.43194839700006,23.513729644000023],[120.43256049900003,23.51350390700003],[120.43257340600007,23.513440495000054],[120.43265471100005,23.51327720400008],[120.43272710100007,23.51310372200004],[120.43277746100011,23.513009856000053],[120.43287301800001,23.512813007000034],[120.43293855000002,23.512669509000034],[120.43301013700011,23.512517867000046],[120.433169925,23.512282674000062],[120.43337065400011,23.51209321500005],[120.4334221570001,23.51199131900006],[120.43345485400006,23.511919170000056],[120.43350631300008,23.511827596000046],[120.43356779100007,23.511723451000023],[120.43360803100006,23.511634127000036],[120.43365709700005,23.511520736000026],[120.43371737600012,23.51140625000005],[120.43375146300002,23.51130082900005],[120.4337842760001,23.51120228700006],[120.43381956200004,23.511108341000067],[120.43384117900008,23.511007456000073],[120.43386398600002,23.510919181000077],[120.43387305600004,23.510840040000062],[120.43388339500005,23.51075515900004],[120.43388006200007,23.510665624000072],[120.43388062100009,23.510540535000075],[120.4338725110001,23.51040507600004],[120.43386316300007,23.510268454000027],[120.43385733200012,23.51018005700007],[120.43384405400002,23.510087037000062],[120.433822038,23.509998563000067],[120.43380386100011,23.509887148000075],[120.43378895300009,23.50983615100006],[120.43377933600006,23.50980325200004],[120.43374247600003,23.509692899000072],[120.43370181800003,23.509597460000066],[120.43364873800009,23.50949505600005],[120.4336043720001,23.50939270300006],[120.43355495800006,23.509306406000064],[120.43350418800001,23.509244186000046],[120.4334497970001,23.509156704000077],[120.43339787600006,23.509073830000034],[120.43335698900012,23.509028873000034],[120.433282446,23.508992944000056],[120.43318419300012,23.508917060000044],[120.43276959500008,23.508797368000046],[120.43253091700001,23.508745082000075],[120.43223031600007,23.50870645200007],[120.43187849700007,23.50871922000005],[120.43152932500004,23.50873999000004],[120.43043339400003,23.508930560000067],[120.43000502200006,23.50897216800007],[120.4297195350001,23.509004498000024],[120.42935134200003,23.50906921400008],[120.42903524700012,23.509126166000044],[120.42885140600005,23.509149051000065],[120.42865178500006,23.50917391100006],[120.42838601000007,23.50919672400005],[120.42814428200006,23.50923980300007],[120.42786816200011,23.50924326100005],[120.42748241100004,23.509177344000022],[120.42710959800002,23.50907446100007],[120.42677982800001,23.508946728000073],[120.42644529400002,23.508829417000072],[120.4262808950001,23.50875864900007],[120.42611738500013,23.508608628000047],[120.42604999100001,23.50853624000007],[120.42597100000012,23.508320493000042],[120.4258982780001,23.508106938000026],[120.42579628300007,23.507860567000023],[120.42572057000007,23.507683815000064],[120.42564119000008,23.507448545000045],[120.42560227800006,23.507384628000068],[120.42552282300004,23.507254119000038],[120.42535698600011,23.50698813300005],[120.42519320300006,23.506762323000036],[120.42507495100006,23.506573640000056],[120.42499390000012,23.50644060700006],[120.42492687600007,23.506386606000035],[120.42476715400005,23.506300836000037],[120.42451789300003,23.50621654200006],[120.42427358600004,23.50619305400005],[120.4240534380001,23.506195563000063],[120.42376016900005,23.506211932000042],[120.42349958200009,23.506244983000045],[120.42328358000009,23.50626810500006],[120.4231321330001,23.506284403000052],[120.42305903400005,23.506299400000046],[120.42298309800005,23.506235206000042],[120.42288866900005,23.50611734100005],[120.4228115860001,23.506057745000078],[120.42261407600006,23.50601050000006],[120.42226309300008,23.506002560000073],[120.4218584480001,23.506048338000028],[120.42142872500006,23.506084200000032],[120.42120463900004,23.50607644200005],[120.4209715950001,23.50605619600003],[120.4206368250001,23.505988264000052],[120.42022047900002,23.505884939000055],[120.4199068050001,23.505814349000048],[120.41955565800004,23.505736349000074],[120.41916153800001,23.505686621000052],[120.41866931200002,23.505645426000058],[120.41831687800003,23.505627160000074],[120.41792324200003,23.505601542000022],[120.41759190800008,23.505580638000026],[120.4173509640001,23.505538685000033],[120.41718581400005,23.505492050000043],[120.41696826900011,23.505438240000046],[120.41675390300009,23.505356817000063],[120.41662415000008,23.50527629000004],[120.41648802300006,23.50512578300004],[120.41633254800001,23.504879145000075],[120.41616641100008,23.504659094000033],[120.41599133700004,23.504427703000033],[120.41587747900009,23.504271112000026],[120.41576539400013,23.504140886000073],[120.41542586700007,23.503835286000026],[120.41505992800013,23.503577215000064],[120.41463296100005,23.503253520000044],[120.41422937100005,23.502978839000036],[120.41392252700008,23.50275193500005],[120.41366001600011,23.502564498000027],[120.41342170900009,23.502405362000047],[120.41329677899999,23.502254676000064],[120.41318153600002,23.50196168900004],[120.4131814340001,23.50196143000005],[120.41306167400013,23.501509761000023],[120.41301032900002,23.50118214300005],[120.41291431000002,23.500797849000037],[120.41282305900006,23.500465158000054],[120.41267556900004,23.50005758800006],[120.4125936690001,23.499756881000053],[120.41248337000002,23.499529021000058],[120.41235010900004,23.499334848000046],[120.41224874400005,23.499180326000044],[120.41216639600007,23.49910588800003],[120.41198917000008,23.49901465100004],[120.41161718900003,23.49888874000004],[120.41130966200002,23.498813444000064],[120.41096686000002,23.498715754000045],[120.41070958200011,23.498664890000043],[120.41021739000008,23.49856164000005],[120.40960549500006,23.498444291000055],[120.40928765100013,23.498412802000075],[120.40899636000006,23.498402692000074],[120.40873518700005,23.49840587400007],[120.40858252800003,23.49842332700007],[120.40846951900005,23.498436705000074],[120.40845842300008,23.49843801700007],[120.40839057100003,23.498528726000075],[120.40831820400003,23.498704479000025],[120.40828430400006,23.499000213000045],[120.40826437400005,23.499434673000053],[120.40822600600008,23.50000496100006],[120.40818454500004,23.50042025700003],[120.40818287100002,23.50064768600004],[120.40809528000013,23.50084296800003],[120.40801152200002,23.501391140000067],[120.40798648400006,23.501461109000047],[120.40797391600007,23.501517327000045],[120.40795385600008,23.501587294000046],[120.4079362540001,23.501669913000057],[120.407924857,23.501760558000058],[120.40791225800001,23.501831692000053],[120.40790335700001,23.501918915000033],[120.40788578900005,23.501986599000077],[120.40788058800001,23.502089898000065],[120.4078729680001,23.502161043000058],[120.40786277600012,23.50227005800008],[120.40786384600005,23.502350410000076],[120.4078549090001,23.50245483300006],[120.40785479100009,23.50250992200006],[120.40785085400012,23.502604035000047],[120.4078630580001,23.50271424600004],[120.40787019800008,23.50286576800005],[120.40789364400007,23.502958783000054],[120.40790585200013,23.503066691000072],[120.4079317390001,23.50318266900007],[120.40794396000003,23.50328598300007],[120.40795993600011,23.503378988000065],[120.40797351200001,23.503431809000066],[120.40798327200002,23.503522497000063],[120.40808113000001,23.50403380700004],[120.40817655800004,23.50438308200006],[120.40880634900007,23.50657157500007],[120.40886289800004,23.506799784000066],[120.40892458700013,23.507095855000046],[120.40898367900002,23.507388857000024],[120.4090483780001,23.50768219500003],[120.4090835940001,23.50785926900005],[120.4090980530001,23.50798098200005],[120.4091087180001,23.508282394000048],[120.40898135400005,23.50856329900006],[120.40886075900005,23.50869832500007],[120.40877333200001,23.508794756000043],[120.40862583400009,23.508907555000064],[120.40852349300008,23.50898458100005],[120.4083429100001,23.50911660400004],[120.40812215000007,23.50926261500007],[120.4081225230001,23.509263015000045],[120.40812726700005,23.509268124000073],[120.40843027500011,23.509594353000068],[120.40860617100007,23.51008715000006],[120.40867637800012,23.511089733000063],[120.41027042300004,23.51126736200007],[120.41069583600006,23.511248658000056],[120.41069679200007,23.51125545600007],[120.4107370700001,23.511542287000054],[120.41077209600007,23.51164852100004],[120.41082816900008,23.51180449800006],[120.41094266200001,23.51200665600004],[120.41114849100006,23.512370083000064],[120.41118380900002,23.512523531000056],[120.41138147000004,23.513382313000022],[120.41145502200004,23.513758965000022],[120.41164748700011,23.514744579000023],[120.4116712880001,23.51474797000003],[120.4133399970001,23.51498576700004],[120.42065153700004,23.515995230000044],[120.420702473,23.516064563000043],[120.4211770600001,23.516710558000057],[120.42146210700004,23.517127320000043],[120.42149283900005,23.517172255000048],[120.4214574330001,23.517537830000038],[120.42142295100007,23.51793727000006],[120.42137672800004,23.518151556000078],[120.42129080300003,23.518347635000055],[120.42114158400011,23.518666907000068],[120.42113913900005,23.51867214200007],[120.42279115200006,23.518775360000063],[120.42281686900003,23.518820490000053],[120.42291490900004,23.51899253600004],[120.42310276700005,23.519634350000047],[120.42312397800004,23.519824053000036],[120.423130205,23.520081427000036],[120.42307661900007,23.520582382000043],[120.42503857600002,23.51999594600005]]]},"properties":{"VILLCODE":"10010050018","COUNTYNAME":"嘉義縣","TOWNNAME":"民雄鄉","VILLNAME":"福興村","VILLENG":"Fuxing Vil.","COUNTYID":"Q","COUNTYCODE":"10010","TOWNID":"Q05","TOWNCODE":"10010050","NOTE":""}},{"type":"Feature","geometry":{"bbox":[120.3742545350001,23.534295726000042,120.38715528400009,23.556540137000038],"type":"Polygon","coordinates":[[[120.38061872600007,23.556516739000074],[120.38061710400005,23.556471077000026],[120.38061793700003,23.556293511000035],[120.38061850800013,23.556171746000075],[120.3806196160001,23.555955415000028],[120.38061817500012,23.555870845000072],[120.38061897600004,23.55570005100003],[120.38062856700003,23.55561215800003],[120.38068204000002,23.555561633000025],[120.38075487100004,23.555547024000077],[120.38075481700002,23.555546761000073],[120.38066196900002,23.555093459000034],[120.38068129500004,23.554888108000057],[120.38080207800012,23.554685420000055],[120.38108855400003,23.55456014400005],[120.381383905,23.55450036900004],[120.38226911000005,23.554470027000036],[120.38245356900006,23.55446173100006],[120.38269824000008,23.554340801000023],[120.38279638500002,23.553740712000035],[120.38278799200009,23.553571370000043],[120.38272380300008,23.553049928000064],[120.38271765200012,23.552999959000033],[120.38275200600003,23.55299325200008],[120.383613007,23.55282517200004],[120.38444154100011,23.55276750400003],[120.38607456500006,23.552926644000024],[120.38617349400012,23.55178333300006],[120.38625010200008,23.551771019000057],[120.38636539900004,23.551752486000055],[120.386367027,23.551737668000044],[120.38644514300006,23.551026816000046],[120.38644896200003,23.550992058000077],[120.38648064100005,23.55074718700007],[120.38649310400001,23.550650854000025],[120.3865711830001,23.550047301000063],[120.38663495000002,23.549554353000076],[120.38663751800004,23.549534492000078],[120.38661460200001,23.549509874000023],[120.38631249100003,23.54918533700004],[120.38620347900007,23.549068230000046],[120.38618615200005,23.549049619000073],[120.38612403400009,23.54900840600004],[120.38584042800005,23.54882025200004],[120.385631622,23.548568852000074],[120.38545046200011,23.548263381000027],[120.38540247200002,23.548053383000024],[120.38536991000001,23.547910901000023],[120.38524781100013,23.547244473000035],[120.38591303200009,23.546919771000034],[120.38565603100004,23.546302474000072],[120.3855919040001,23.54617128900003],[120.3854501740001,23.546274572000073],[120.38537668000005,23.546249449000072],[120.38517778100004,23.546040979000058],[120.38471423900012,23.545644094000068],[120.38471389500013,23.54533605100005],[120.38471600000004,23.543053615000076],[120.38471066200009,23.542431993000037],[120.38470883900006,23.540794449000032],[120.38470759100007,23.539673466000067],[120.38470753500009,23.539623464000044],[120.38473224800009,23.539572760000055],[120.38524606600005,23.538518560000057],[120.3863483780001,23.536256888000025],[120.38715019400001,23.534611705000035],[120.38715528400006,23.534601262000024],[120.38699859300004,23.534600646000058],[120.38694684800011,23.53462399400007],[120.38679525900011,23.53469240100003],[120.3866839420001,23.53466974300005],[120.38615056800006,23.534561187000065],[120.38568896200003,23.534712874000036],[120.38543983800002,23.534779615000048],[120.38536615500004,23.534763523000038],[120.38527262100001,23.534671194000058],[120.38523169400003,23.534630793000076],[120.38521002000005,23.53460940100007],[120.38419116800003,23.534548941000025],[120.38417025600006,23.53454772200007],[120.38414470600003,23.53459943400003],[120.38406101500006,23.534593315000052],[120.38396058900003,23.53458520500004],[120.38390825500005,23.534586923000063],[120.38381830500008,23.534576923000035],[120.38373669700002,23.534572745000048],[120.38346884400005,23.534562041000072],[120.38330773300004,23.534551759000067],[120.38324702600005,23.53455345200007],[120.38312142900008,23.534544547000053],[120.38285728400001,23.534540692000064],[120.38275839100005,23.534533788000033],[120.38257468600011,23.53453088300006],[120.38248518400007,23.53453052800006],[120.38225911400004,23.534520955000062],[120.38220023200006,23.534520721000035],[120.38210911300008,23.534520431000033],[120.38187593600001,23.534519504000063],[120.38177705200007,23.534510436000062],[120.38159098300004,23.534509705000062],[120.38144264900006,23.534498262000056],[120.38127305700006,23.534499753000034],[120.3812141850001,23.534497354000052],[120.38112231700006,23.53449915500005],[120.38102106100007,23.534494418000065],[120.38089389400012,23.534489570000062],[120.38079498100001,23.534487008000042],[120.380625398,23.534486324000056],[120.38057125700006,23.534479590000046],[120.38047261100007,23.534476812000037],[120.38019940600009,23.53447354900004],[120.3801476310001,23.534464667000066],[120.37997805900011,23.53446182400006],[120.37987446400005,23.53445272400006],[120.37982498600003,23.534456869000053],[120.3796460210001,23.53444748000004],[120.37958951500002,23.534442911000042],[120.37950236900008,23.534442565000063],[120.37931870300008,23.534430978000046],[120.379179754,23.534428255000023],[120.37894189600001,23.534420787000048],[120.37885240600008,23.53441826200003],[120.37878884400004,23.534411490000025],[120.37862162700003,23.53440865700003],[120.37852745500005,23.534399602000065],[120.37829247300012,23.53438735900005],[120.37819826200007,23.53438698100007],[120.37797219200003,23.534377393000057],[120.3778756370001,23.53437483800008],[120.37764486800005,23.53436305300005],[120.37754830000006,23.53436266600005],[120.3773716930001,23.534353283000033],[120.37731988700011,23.534350909000068],[120.37722098500002,23.53434617000005],[120.37704199200004,23.534343286000023],[120.37699019600008,23.534338736000052],[120.37690307900006,23.534331875000078],[120.37672644200005,23.534329003000042],[120.37661341900002,23.534322030000055],[120.37637557500013,23.534312400000033],[120.37606987800008,23.53429848800005],[120.37592150700006,23.534295726000042],[120.37586025800012,23.534297647000074],[120.37568582400002,23.53432733300008],[120.37559386600003,23.534348671000032],[120.37552516200003,23.534372973000075],[120.37538153000003,23.534423778000075],[120.375310635,23.53447341100008],[120.3752656920001,23.534514460000025],[120.37518761100011,23.534590112000046],[120.37514972100007,23.534633368000073],[120.37509759900001,23.534698262000063],[120.37498386000006,23.534843211000066],[120.3749554110001,23.53488216100004],[120.3749079800001,23.53495141700006],[120.37486277900005,23.535046745000045],[120.37483422900004,23.535107390000064],[120.37480507500004,23.535191531000066],[120.3747883850001,23.535234870000068],[120.37471207400006,23.535434228000042],[120.37468104700008,23.535520916000053],[120.37466433500002,23.535568598000054],[120.37460475700003,23.535715932000073],[120.37457137300008,23.535802611000065],[120.37453053600007,23.535971737000068],[120.37451854500013,23.53601726100004],[120.37450401500007,23.536101848000044],[120.37448674000007,23.536268893000056],[120.37447710200001,23.536314426000047],[120.37447185500002,23.536403131000043],[120.37446439000009,23.53648774800007],[120.37445223500004,23.536568000000045],[120.3744422000001,23.536698169000033],[120.37442253600013,23.53687171300004],[120.37441743700002,23.53695416200003],[120.37440810700004,23.53700030400006],[120.37440779100007,23.537001872000076],[120.37439287000008,23.537168936000057],[120.374385414,23.53725137500004],[120.37437811200006,23.537301262000028],[120.37435359500012,23.537505164000038],[120.37434598300001,23.53759807700004],[120.37432848100002,23.53781286000003],[120.37431866200006,23.53789746500007],[120.37430607500005,23.538068872000053],[120.3742964380001,23.538114414000066],[120.37429132800003,23.538199030000044],[120.37428161000004,23.538261929000047],[120.37427620300002,23.53840948800007],[120.37426635100007,23.538500595000077],[120.37426305600003,23.538710723000065],[120.37425559000006,23.53879532900004],[120.3742545350001,23.53901886500006],[120.37426121400006,23.539101360000075],[120.374271936,23.539324952000072],[120.37428251300004,23.53957891300007],[120.37428464300001,23.539626672000054],[120.3742936750001,23.53970917600003],[120.37430495700006,23.539878331000068],[120.37430708700003,23.539926089000062],[120.37430901000006,23.540017243000023],[120.37431743000002,23.540229964000048],[120.3743264310001,23.54031898900007],[120.37433321100004,23.540379785000027],[120.37436316500009,23.540520968000067],[120.37437925300003,23.540605678000077],[120.37440909600002,23.54077073600007],[120.37441830100012,23.54081635500006],[120.37449089100004,23.54090779300003],[120.37463460100003,23.540901862000055],[120.37468639000006,23.540908580000067],[120.37475443200002,23.540965278000044],[120.37477541600003,23.541010938000056],[120.37479156600011,23.541123594000055],[120.37479841800008,23.541169195000066],[120.37481685300008,23.54125608000004],[120.37483255200004,23.541423257000076],[120.37484410400008,23.541471044000048],[120.37486021300005,23.541551411000057],[120.3748947670001,23.54171648600004],[120.37490849000005,23.541803353000034],[120.3749200420001,23.541851149000024],[120.37494987200013,23.542018393000035],[120.3749868660001,23.542166114000054],[120.37503078500004,23.54239812000003],[120.3750423470001,23.542443739000078],[120.37508374100003,23.54265659500004],[120.37510219600007,23.542739136000023],[120.37514359100011,23.542951989000073],[120.37515968100003,23.543036699000027],[120.37519424200003,23.543199607000076],[120.37520579700005,23.543247404000056],[120.37522187600008,23.54333427200004],[120.37525439100013,23.543496928000025],[120.37526357600007,23.543546889000027],[120.3752796980001,23.543625071000065],[120.37531656600004,23.543798844000037],[120.37532339500001,23.54384878700006],[120.37534185100004,23.543931331000067],[120.37538091200008,23.54413984000007],[120.37539937800011,23.544220216000042],[120.37544079500003,23.544428726000035],[120.37549394100006,23.54468477000006],[120.3755076740001,23.544769460000055],[120.37552159100005,23.54481509900006],[120.37556067300012,23.54501925600005],[120.3755790780001,23.545112651000068],[120.37561128800009,23.545275553000067],[120.37562048400002,23.54532333900005],[120.37564351700007,23.54543411700007],[120.37567114800004,23.545568780000053],[120.3756780010001,23.545614372000045],[120.37569644500003,23.545699091000074],[120.37574025300012,23.545915963000027],[120.37575872100001,23.545996339000055],[120.37580247200002,23.546209201000067],[120.37581852900009,23.54630042100007],[120.37585523700011,23.546508902000028],[120.37586916500004,23.546552364000036],[120.37591058200009,23.54676087400003],[120.37596821400007,23.54706257400005],[120.37599586700003,23.547192901000074],[120.37603041000011,23.547360135000076],[120.37605574100007,23.547483947000046],[120.37608792100004,23.547653355000023],[120.37611786900004,23.54779671400007],[120.37615934700011,23.547992193000027],[120.37618002600004,23.548102963000076],[120.37625047500002,23.54853920900007],[120.3762768040001,23.548640142000067],[120.37630323200004,23.548720514000024],[120.37631639100005,23.54877201900007],[120.3763626010001,23.548920374000033],[120.37639121400004,23.549011049000057],[120.37641322600007,23.549065333000044],[120.37645100500004,23.549106632000075],[120.37650248800004,23.54908420000004],[120.37658530200008,23.549049542000034],[120.37667480500012,23.549016979000047],[120.37684213400007,23.548949221000044],[120.37692051600004,23.548906320000075],[120.37696972700009,23.54889210500005],[120.37702566700011,23.548871750000046],[120.377135381,23.54881662200006],[120.37722937300009,23.54877995800007],[120.37727638700005,23.548757498000043],[120.37733684400007,23.548726878000025],[120.37738826700003,23.54871679000007],[120.37744857700011,23.548717022000062],[120.37753568500013,23.548719430000066],[120.37758706000011,23.548719636000044],[120.37766531900002,23.548703489000047],[120.37775481200003,23.548672973000066],[120.37781071400003,23.54866085400005],[120.37794323500009,23.548619792000068],[120.37811326900011,23.548562854000068],[120.37816695700006,23.54854659700004],[120.37822060500002,23.548538586000063],[120.37833910000006,23.548516422000038],[120.37842406900006,23.54849824300004],[120.37851354200006,23.548471835000043],[120.37857169500012,23.548455597000043],[120.37869253000008,23.54841080400007],[120.37875521900003,23.548380191000035],[120.37881791700012,23.54834751100003],[120.37890082500007,23.548292272000026],[120.37896900700004,23.548244750000038],[120.37913072700009,23.54814695500005],[120.37920021800007,23.548100052000052],[120.3793255690001,23.54802286000006],[120.37946906900005,23.547929090000025],[120.37960937300011,23.547874152000077],[120.37971950300005,23.54783158300006],[120.37981754600003,23.54779729100005],[120.37987334100002,23.547780854000052],[120.37992293700005,23.547801856000035],[120.37991812100006,23.547865659000024],[120.3799237950001,23.54794060200004],[120.37995964900006,23.54800179500006],[120.38002731600011,23.54802286900008],[120.38011003500004,23.548045392000063],[120.38020184800007,23.54805546700004],[120.38026051100007,23.548069578000025],[120.38036577300011,23.548101910000074],[120.38041531800003,23.54813401800004],[120.38048130300001,23.54819254100005],[120.380522358,23.548244544000056],[120.3805635340001,23.548288467000077],[120.38058903600007,23.548330845000066],[120.38061808200007,23.548400301000072],[120.38061776600013,23.54846794100007],[120.38059545400006,23.54852873300007],[120.38056205000011,23.548606391000078],[120.38053613800002,23.548651951000068],[120.38041968800007,23.548823991000063],[120.38038462800013,23.54886275100006],[120.38034591500002,23.548898112000078],[120.38029431200006,23.548941872000057],[120.38017457100011,23.54903272000007],[120.38012118800007,23.549064645000044],[120.3799663330001,23.54920608300006],[120.37989954200008,23.549262868000028],[120.37986451400002,23.54929487300007],[120.37976293200006,23.54942806200006],[120.37970935700002,23.549500566000063],[120.379676118,23.549542721000023],[120.37959676700007,23.54963203500006],[120.37955983200003,23.54967924700003],[120.37951548300009,23.549741647000076],[120.37948592400005,23.549782117000063],[120.37938617500004,23.549915312000053],[120.37933767000004,23.549994256000048],[120.37930992100007,23.550039810000044],[120.37924891700004,23.550130893000073],[120.37922483800003,23.550176470000054],[120.37920261300007,23.550218658000063],[120.37916369200002,23.550297983000064],[120.37910065900009,23.550429637000036],[120.37907288000008,23.55048195300003],[120.37905243000012,23.550535997000054],[120.37902094200001,23.55059674900008],[120.37897652000004,23.55067437300005],[120.3789670320001,23.550740287000053],[120.37895146700009,23.55086002200005],[120.37893250700006,23.550988475000057],[120.37892492600008,23.551039184000047],[120.378911505,23.551160898000035],[120.37890203200004,23.551223426000035],[120.37889971000004,23.551326583000048],[120.37891559600007,23.551461940000024],[120.37893340500013,23.55157870100004],[120.37894946500013,23.55167467900003],[120.37897088800001,23.55180328600005],[120.37897583000006,23.55192338300003],[120.378981091,23.55197583100005],[120.37897153100006,23.55205697100007],[120.3789452430001,23.552182010000024],[120.37892830200008,23.552271580000024],[120.37889851700004,23.552359400000057],[120.37887222000008,23.55246536800007],[120.3788591230001,23.552517736000027],[120.37883851600009,23.552605592000077],[120.37883091900005,23.552659676000076],[120.378813873,23.55277122600006],[120.37880809600007,23.552828705000024],[120.37879855100006,23.55290646800006],[120.37878731600004,23.55295377400006],[120.37876451800004,23.55311772700003],[120.37875677600003,23.553202251000073],[120.37874900400006,23.553249247000053],[120.37874477700005,23.55336761700005],[120.37874636600009,23.553420052000035],[120.37876411700006,23.553548652000075],[120.37877963000005,23.55376349500006],[120.37879023000005,23.55385146900005],[120.3787931390001,23.554013835000035],[120.37879307600006,23.554062489000046],[120.3788018250001,23.554153842000062],[120.3788210230001,23.554365312000073],[120.3788298070001,23.554449903000034],[120.37883815700002,23.554625818000034],[120.37884124900008,23.554749276000052],[120.37883651400013,23.55496538400007],[120.37883242100008,23.555055006000032],[120.37883030000012,23.555115869000076],[120.37880961400005,23.555220640000073],[120.37877986100013,23.55530169700006],[120.37876313200003,23.55534560500007],[120.37873892700009,23.55541822400005],[120.37874034100004,23.555507861000024],[120.37874360800004,23.555594117000055],[120.37874339300004,23.555639779000046],[120.37879061200012,23.55574819700007],[120.37881244900008,23.55580707000007],[120.37883068200006,23.555836476000025],[120.37883977700005,23.55585114300004],[120.3788890720001,23.555908843000054],[120.37902812600011,23.556007478000026],[120.37907579800003,23.556019508000077],[120.37912898000002,23.556031549000068],[120.37918217500008,23.556040214000063],[120.37925186900009,23.556054018000054],[120.37934351900003,23.556083126000033],[120.37938933600003,23.556100223000048],[120.37947914100003,23.556131020000066],[120.37953959200003,23.556158313000026],[120.37964957800013,23.556192570000064],[120.37979205100011,23.556249656000038],[120.37994965400003,23.55630777700003],[120.38003760900006,23.556341952000025],[120.38008890700009,23.556364146000078],[120.38024094000004,23.556435770000064],[120.38028673700002,23.556456242000028],[120.38033440100003,23.556469959000026],[120.38037835700005,23.556492121000076],[120.38048649200003,23.55652974700007],[120.38054702200009,23.55654013700007],[120.38061872600007,23.556516739000074]]]},"properties":{"VILLCODE":"10010050011","COUNTYNAME":"嘉義縣","TOWNNAME":"民雄鄉","VILLNAME":"西昌村","VILLENG":"Xichang Vil.","COUNTYID":"Q","COUNTYCODE":"10010","TOWNID":"Q05","TOWNCODE":"10010050","NOTE":""}},{"type":"Feature","geometry":{"bbox":[120.38383075800004,23.544674447000034,120.41587076300006,23.565744654000035],"type":"Polygon","coordinates":[[[120.3937285310001,23.565712881000024],[120.39377680700012,23.565699607000056],[120.393861656,23.565675702000078],[120.39403572800005,23.565630627000075],[120.3940898840001,23.565609300000066],[120.39416892000008,23.565578654000035],[120.39434456300013,23.565509341000052],[120.39447442000005,23.565453897000054],[120.39464424300002,23.565379187000076],[120.39472331000003,23.56534180400007],[120.39494429800004,23.565260566000063],[120.3950335730001,23.565227270000037],[120.39524431700009,23.565150018000054],[120.39533652000013,23.56511537800003],[120.39555456100004,23.56503950900003],[120.39564237500008,23.56500619600007],[120.39569034700004,23.564986915000077],[120.39586162300009,23.564913563000065],[120.39594210100007,23.564886959000034],[120.39598602300009,23.56486693900007],[120.39614704800012,23.564798911000025],[120.3962451440001,23.564753538000048],[120.39644864900004,23.564661459000035],[120.39653943300004,23.564617401000078],[120.39673124400008,23.564526622000074],[120.39678184500008,23.564504369000076],[120.39686239100001,23.56446296200005],[120.39702350400012,23.564374763000046],[120.39707034800007,23.564354754000078],[120.39713782400008,23.564295809000043],[120.39731087300004,23.564153807000025],[120.39738418600007,23.564096220000067],[120.3975521530001,23.563941172000057],[120.39762107700005,23.563884912000052],[120.39775602700001,23.56376700100003],[120.39782353500004,23.56370131700004],[120.39798638900005,23.56355121300004],[120.39802160100011,23.563519058000054],[120.39808615300001,23.56346008400004],[120.39828767200005,23.563276873000063],[120.39845637300006,23.563126791000062],[120.39855465600012,23.56303969100003],[120.398757122,23.562853395000047],[120.39892215900011,23.562702244000036],[120.39901898000004,23.562615136000034],[120.39915977400007,23.56249724600008],[120.39923307800007,23.56244100200007],[120.39935185800005,23.56234455400005],[120.39942067000004,23.562312521000024],[120.39950116400006,23.562281877000032],[120.39971338500004,23.562199245000045],[120.39976452500001,23.562198086000027],[120.39981568900009,23.562191557000062],[120.40004040600002,23.562180026000078],[120.40018356700011,23.562184606000073],[120.40036900400001,23.562209539000037],[120.40050916100006,23.562231608000047],[120.40069611900005,23.562243081000076],[120.40082904500002,23.562248977000024],[120.4010174460001,23.562264493000043],[120.40116304900005,23.562281597000037],[120.40134272400007,23.562287661000028],[120.4014435570001,23.562282668000023],[120.40167156700011,23.562262000000032],[120.40176803400004,23.56225295200005],[120.40199464600006,23.562218834000078],[120.40204580000012,23.56221498400004],[120.40212768700007,23.562199147000058],[120.4023261230001,23.56218205700003],[120.40241529200011,23.562171626000065],[120.40263460200005,23.56213613500006],[120.40268870800003,23.562125570000035],[120.4027764440001,23.562108416000058],[120.40296066900011,23.562078151000037],[120.40305421500011,23.56206909200006],[120.40328366800009,23.562052463000043],[120.40342651000003,23.56202557000006],[120.40359467600001,23.561992571000076],[120.40365024100004,23.561982021000063],[120.40374673300003,23.561967582000023],[120.40389614100002,23.561882018000063],[120.40392700900007,23.56184041000006],[120.40397407500005,23.561770610000053],[120.4040638890001,23.56161619300008],[120.40410970000003,23.561539995000032],[120.40418805900003,23.561334389000024],[120.40422201000001,23.561256456000024],[120.40424265800004,23.561213482000028],[120.40431346900003,23.56106167400003],[120.40433265500008,23.561018681000064],[120.40437896000003,23.560938305000036],[120.404459942,23.560798654000052],[120.40448352400006,23.560752982000054],[120.4045481160001,23.560684594000065],[120.4046655730001,23.560555845000067],[120.40470951700001,23.560530440000036],[120.40479299300011,23.560486342000047],[120.40493797200007,23.56041017900003],[120.40500380500009,23.56039025100006],[120.40508276400011,23.560375744000055],[120.40525831400011,23.560323926000024],[120.40535477400012,23.560316224000076],[120.40557397400005,23.560304933000054],[120.40562659800003,23.56029840700006],[120.40572292200011,23.560295778000068],[120.4059114890001,23.560273607000056],[120.40600504400004,23.560261857000057],[120.40623740400008,23.560247926000045],[120.40632365000009,23.560237492000056],[120.406373314,23.56023902800007],[120.4065574760001,23.560222229000033],[120.4066071850001,23.560214338000037],[120.40669929100011,23.560199881000074],[120.40688203,23.56017366900005],[120.40702775300008,23.560164591000046],[120.40720457700003,23.560154500000067],[120.4072572020001,23.560147964000066],[120.40734340400003,23.560146941000028],[120.40746029400009,23.56014469400003],[120.4075772010001,23.56013841200007],[120.40772917100003,23.560132255000042],[120.4079527330001,23.560125035000056],[120.40800535900006,23.560118490000036],[120.4081232530001,23.560118929000055],[120.40820841200002,23.560114097000053],[120.4082597150001,23.560117553000055],[120.40835166500005,23.560132559000067],[120.40836721400001,23.56016393500005],[120.40837110100006,23.56016240500003],[120.40863008800011,23.560060392000025],[120.40924110400012,23.55998596300003],[120.40936557200006,23.559909683000058],[120.40948033900008,23.559709207000026],[120.40948385900005,23.55965440600005],[120.4094913580001,23.55953768200004],[120.40938964000009,23.559146758000054],[120.40939364600003,23.559037019000073],[120.40940150000006,23.558821731000023],[120.4094343930001,23.55841325800003],[120.41174431500009,23.557916349000042],[120.41209300700007,23.557872518000067],[120.41243133400009,23.55785348200004],[120.4126968590001,23.55782288000006],[120.41287904500007,23.557776163000028],[120.41312174000005,23.55768226600003],[120.41341476200012,23.557525351000038],[120.41369236700007,23.557359348000034],[120.41402793200007,23.557064889000063],[120.41424320700004,23.55683769700005],[120.41468578300008,23.556363044000022],[120.4149084190001,23.55620134700007],[120.41506883100008,23.55609359400006],[120.41554088800001,23.555908002000024],[120.41587076300006,23.555721874000028],[120.41563838400009,23.55495064200005],[120.41528309800003,23.553771491000077],[120.41306216700002,23.55523948700005],[120.41253255800008,23.555598677000035],[120.4125423170001,23.555458303000023],[120.412581734,23.554891359000067],[120.41258605000006,23.554829264000034],[120.41258716000003,23.554813291000073],[120.41264720299999,23.554682241000023],[120.41273472300009,23.554491219000056],[120.41313911700003,23.553608561000036],[120.41324071900011,23.553386800000055],[120.4131178010001,23.552528505000055],[120.41249839800003,23.55153514700004],[120.41241261400012,23.551311335000037],[120.41241055400009,23.551296315000062],[120.412382363,23.55116222900006],[120.41230080800004,23.55022733800007],[120.41226850400007,23.549850222000032],[120.4122528250001,23.549520576000077],[120.41216836700005,23.549378037000054],[120.41201551400002,23.549266844000044],[120.41181133800002,23.549236724000025],[120.40930782100008,23.549116609000066],[120.40905239900009,23.549115638000046],[120.40896098100006,23.54908698800006],[120.40884822200009,23.54905165300005],[120.40867838500004,23.54894039100003],[120.40854308900009,23.548736706000057],[120.40800442100011,23.547289887000034],[120.4077850870001,23.546817243000078],[120.40775915600011,23.54678294000007],[120.40746331500009,23.54639161500006],[120.40719203400012,23.546140003000065],[120.40683529000012,23.54590386700005],[120.40627425700005,23.54566469100007],[120.40461997500007,23.545109799000045],[120.40418218500008,23.544997505000026],[120.4039269870001,23.544949119000023],[120.40358661000006,23.544886861000066],[120.40297383500003,23.54478969400003],[120.40139887200009,23.544707514000038],[120.40133903600008,23.54470439100004],[120.3976770480001,23.544674447000034],[120.39770896900006,23.54532923200003],[120.397748825,23.545449031000032],[120.39783018400011,23.545580143000052],[120.39789345600002,23.54568211000003],[120.39790886900005,23.545826646000023],[120.39788956600013,23.54586494800003],[120.39787017100002,23.545889705000036],[120.39781959800007,23.54590531200006],[120.39760939800011,23.54591998500007],[120.39752811000005,23.54592901500007],[120.39748360700003,23.545955932000027],[120.39747075000002,23.546091329000035],[120.39747276000003,23.546104902000025],[120.39761997600012,23.547098732000055],[120.39762460500003,23.547225168000068],[120.3976376510001,23.547317774000078],[120.39762979300006,23.547430616000042],[120.3975977770001,23.547538849000034],[120.39754848500003,23.54767636300005],[120.39743162300012,23.547997919000068],[120.39739193100002,23.548095210000042],[120.39728729,23.54837516200007],[120.39725130300009,23.548481123000045],[120.39723294700002,23.548580380000033],[120.39718124600007,23.54918489100004],[120.3971474440001,23.549580099000025],[120.3971427690001,23.549733589000027],[120.3971579570001,23.549860065000075],[120.3972561910001,23.55006587500003],[120.39736047400004,23.550253647000034],[120.39770214000009,23.55087577000006],[120.3978077920001,23.551065805000064],[120.39772589600013,23.551028750000057],[120.39771581200013,23.551024188000042],[120.39419904000012,23.549432952000075],[120.39415447600004,23.549412365000023],[120.39304037800002,23.551461087000064],[120.3908841650001,23.550474476000034],[120.39088160600011,23.550498264000055],[120.39081905700004,23.551079682000022],[120.39057426000011,23.553355155000077],[120.39033265000012,23.55560089000005],[120.39032911000004,23.55563268800006],[120.38818170800005,23.555406487000027],[120.38643579000005,23.555222454000045],[120.38600145900013,23.55518687800003],[120.38598399900002,23.55523800800006],[120.38596792500006,23.555285076000075],[120.38591822900003,23.55543061000003],[120.38590061000002,23.555482204000043],[120.38589538100007,23.55549751700005],[120.38589536200004,23.55549757400007],[120.38589442800003,23.555556073000048],[120.38589557100012,23.55564491100006],[120.3859193740001,23.555898072000048],[120.38593298100012,23.555982664000055],[120.3859475390001,23.55619765600005],[120.38595181400001,23.556282211000052],[120.38596187500004,23.556460858000037],[120.38597376700012,23.556579837000072],[120.38599004100001,23.55676045100006],[120.3860127790001,23.55688807000007],[120.38604140100007,23.557098360000055],[120.38605343200004,23.557187241000065],[120.386074397,23.557362141000056],[120.386078698,23.557440968000037],[120.3860830970001,23.55749830900004],[120.38608588300008,23.55756853500003],[120.38599877000001,23.55756961800006],[120.38584106100008,23.55755682100005],[120.38562022400004,23.557547360000058],[120.38552383700006,23.557535521000034],[120.38534190200006,23.557523354000068],[120.38524240100004,23.55751292700006],[120.38501850700004,23.557491995000078],[120.38492083100004,23.557487140000035],[120.38484775100005,23.55748112300006],[120.38468445300008,23.557474763000076],[120.38458961100002,23.557465790000037],[120.38453985500007,23.557461287000024],[120.38435950000007,23.557443398000032],[120.38426463000008,23.557440158000077],[120.38421334200007,23.557431359000077],[120.38404228600008,23.557420660000048],[120.38393964100011,23.557417391000058],[120.38388678800004,23.557410020000077],[120.38383075800004,23.557416958000033],[120.38387386400007,23.557513142000065],[120.38391237600003,23.557593534000034],[120.38400324200005,23.557788765000055],[120.3840586570001,23.557913641000027],[120.38414193300002,23.55810560900005],[120.38417885700005,23.558193163000055],[120.38424655100005,23.558353918000023],[120.38429735500007,23.558467316000076],[120.38439440600008,23.558669732000055],[120.3845088050001,23.55890061500003],[120.38456889400004,23.559024083000054],[120.38466291700003,23.559209295000073],[120.38468293100004,23.55925379300004],[120.38480346300004,23.55948311000003],[120.38482035900006,23.55952903800005],[120.38491746700005,23.55971998700005],[120.38497604600003,23.55983342600007],[120.38503126400008,23.56000129100005],[120.38506540500009,23.560079967000036],[120.38508385000013,23.560127329000068],[120.38515469600009,23.560279499000046],[120.38521164900011,23.560408687000063],[120.38530100100003,23.56059530700003],[120.38531478000006,23.560642650000034],[120.38540720300013,23.56083788500007],[120.38546302200007,23.560962647000053],[120.38552920900007,23.561113352000064],[120.38554921800005,23.56115929400005],[120.38556768400008,23.56120235800006],[120.38565854400008,23.561399016000053],[120.385697068,23.561477972000034],[120.38578636700002,23.56167606500003],[120.38584672300011,23.56180232300005],[120.38591912400013,23.56195450100006],[120.3859529870001,23.562032001000034],[120.38597455700005,23.56207651400007],[120.3860500720001,23.56222870000005],[120.38608724400001,23.56230991700005],[120.3861072730001,23.562351541000055],[120.38618588500002,23.56250661300004],[120.38622286600003,23.562582701000053],[120.38633695500005,23.562820705000036],[120.38650412100004,23.563187840000072],[120.38663728500002,23.56348101100008],[120.3867393580001,23.563689686000032],[120.38682479300007,23.56388144600004],[120.38696087100004,23.564164072000043],[120.38709690000007,23.564457255000036],[120.38721621100001,23.564722966000033],[120.38727573200003,23.564849753000033],[120.38738912200007,23.56508747400005],[120.38746551100007,23.565280237000024],[120.38752209700012,23.565422824000052],[120.38755558600008,23.565502914000035],[120.38774867700012,23.565495810000076],[120.38784512600012,23.56549079900003],[120.38806147400011,23.56546607000007],[120.38811703800002,23.56545686200008],[120.38820479100002,23.56543701700008],[120.38834371200005,23.56541063800006],[120.38843007200002,23.56537598800003],[120.38851499200007,23.565337287000034],[120.38867896800002,23.56526389800007],[120.38880302300004,23.565200508000032],[120.38896412100007,23.56511769800005],[120.38905049900008,23.56507900300005],[120.38927859800005,23.565040854000078],[120.38937511100005,23.565022388000045],[120.38959275100001,23.565034000000026],[120.38973587400005,23.565046661000054],[120.38985269200009,23.56506057400003],[120.38992070700012,23.565082594000046],[120.39000972400005,23.565105816000028],[120.39022417700005,23.56517527500006],[120.39031899200008,23.56520793800007],[120.39052608300004,23.56528948700003],[120.39061505600012,23.56532212600007],[120.39082657400002,23.565394264000076],[120.39092673000006,23.565427443000036],[120.39113683200003,23.565490149000027],[120.39123314200005,23.56551609800005],[120.39145202500004,23.565574811000033],[120.39159658100006,23.565594214000043],[120.39177325900005,23.565617760000066],[120.39182291400004,23.56562199800004],[120.39187400000003,23.565632962000052],[120.39209742400008,23.56565804400003],[120.39214827800004,23.56566510700003],[120.39219939400004,23.565669342000035],[120.39241847200003,23.565686337000045],[120.39246959100002,23.56569057300004],[120.39256596900009,23.56570170300006],[120.39275877300008,23.56571321000007],[120.39284205200012,23.56571353700008],[120.392893156,23.565720463000048],[120.39307575200009,23.565727894000077],[120.39323019900007,23.565737881000075],[120.39340553600005,23.56573586500008],[120.39350487300011,23.56573893500007],[120.39359104700009,23.56574465400007],[120.3937285310001,23.565712881000024]]]},"properties":{"VILLCODE":"10010050008","COUNTYNAME":"嘉義縣","TOWNNAME":"民雄鄉","VILLNAME":"菁埔村","VILLENG":"Jingpu Vil.","COUNTYID":"Q","COUNTYCODE":"10010","TOWNID":"Q05","TOWNCODE":"10010050","NOTE":""}},{"type":"Feature","geometry":{"bbox":[120.45468840900003,23.504615388000047,120.49609511700002,23.535517586000047],"type":"Polygon","coordinates":[[[120.46769603700011,23.535441814000023],[120.4677871140001,23.53539697700006],[120.4678779410001,23.535300217000042],[120.46850337300008,23.534417431000065],[120.4687247190001,23.53413148900006],[120.46899760500004,23.53392924800005],[120.46930959300005,23.53366844800007],[120.4696732650001,23.533455228000037],[120.46971555900008,23.533438673000035],[120.46972519500002,23.533434901000078],[120.47001059600007,23.533323188000054],[120.47045156700007,23.53321858700008],[120.47107377600003,23.533137176000025],[120.47185131100004,23.53309241200003],[120.47244723800009,23.533117007000044],[120.47300380400009,23.533227253000064],[120.47345684000005,23.533359720000078],[120.47381898000003,23.533491877000074],[120.47419432700008,23.53361279300003],[120.4746080130001,23.533828650000032],[120.47520448300008,23.534309824000047],[120.47521707200008,23.534319981000067],[120.4752796350001,23.53437045000004],[120.47590184600006,23.534289021000063],[120.47686083600001,23.534098106000044],[120.4772641510001,23.53418975900007],[120.47757530500007,23.53413662500003],[120.47886019700003,23.533447892000027],[120.48058247400002,23.533408500000064],[120.48185172100013,23.533507545000077],[120.48287333000007,23.53346127900005],[120.4837006900001,23.53315475100004],[120.48407550600005,23.532979909000066],[120.48446591200002,23.532493586000044],[120.48461583100006,23.531990664000034],[120.4848450830001,23.531272950000073],[120.48487946800005,23.531165299000065],[120.48509916300009,23.530147903000056],[120.48536400300007,23.529959149000035],[120.48589738700002,23.529850295000074],[120.48647471700009,23.52985219800007],[120.48706646300002,23.529964765000045],[120.48744101600005,23.530147914000054],[120.48766586100011,23.530257860000063],[120.48809831200005,23.530469320000066],[120.48877315300001,23.530541516000028],[120.48907401800012,23.53033481600005],[120.48926312200003,23.52998326900007],[120.48935503500003,23.529638177000038],[120.48939683900007,23.528873029000067],[120.48948862700001,23.528600176000054],[120.4895773300001,23.528553075000048],[120.48967032200005,23.52850369800007],[120.4898780640001,23.528398278000054],[120.49015413200006,23.528471422000052],[120.49043432500001,23.528625846000068],[120.49092579700003,23.528830626000058],[120.49119758200004,23.528903754000055],[120.49154746900001,23.528880064000077],[120.49241260300005,23.528620938000074],[120.49249435200011,23.528596452000045],[120.49318220500002,23.528264585000045],[120.49573271000008,23.526641518000076],[120.49596968400012,23.526452420000055],[120.49597050900002,23.526451761000033],[120.49595608200002,23.526453073000027],[120.49588386100004,23.526460480000026],[120.49582904700003,23.526463166000042],[120.49577420700005,23.526461254000026],[120.49570438900003,23.526457153000024],[120.49564451100001,23.52645068700008],[120.49558694100007,23.526421215000028],[120.49557900200013,23.52636610600007],[120.49559092800006,23.526301680000078],[120.49561792300005,23.52625092900007],[120.49565472200004,23.526181708000024],[120.49566672100002,23.52612646700004],[120.4956711850001,23.526064392000023],[120.49568313200008,23.526002250000033],[120.49569507200012,23.525940109000032],[120.49571207500003,23.525887131000047],[120.49573661200009,23.525840996000056],[120.49575865500003,23.525794878000056],[120.49578560700002,23.525739522000038],[120.49580008400005,23.525681959000053],[120.49581456900012,23.525626705000036],[120.4958116780001,23.52557845900003],[120.49580094000011,23.52548660900004],[120.49579806600003,23.52544066400003],[120.49579745300002,23.525367121000045],[120.49578462400008,23.52532354600004],[120.49578421800004,23.525275290000025],[120.49576376100005,23.525213377000057],[120.49574096900007,23.52516987000007],[120.4957206250001,23.525121755000043],[120.49568751300002,23.525036947000046],[120.4956721420001,23.524986503000036],[120.495636751,23.52492699900006],[120.49560880100013,23.524862850000034],[120.49558335800008,23.524800965000054],[120.49556553100003,23.524755136000067],[120.4955427320001,23.52471163000007],[120.49551236600007,23.524656693000054],[120.4954844570001,23.524597131000064],[120.49546411400003,23.524549009000054],[120.49544616200002,23.524489378000055],[120.49544564300004,23.524427332000073],[120.49545761200011,23.524367493000057],[120.49547211900007,23.524314528000048],[120.49548161000007,23.524257009000056],[120.49548109000011,23.52419496400006],[120.49547060300006,23.524132974000054],[120.49545253600002,23.52405956700005],[120.49543204800011,23.523993059000077],[120.4954140970001,23.523933440000064],[120.49540624100008,23.523887522000052],[120.49538829100004,23.523827895000068],[120.49536525300005,23.523754515000064],[120.49535986300009,23.523706295000068],[120.49535439900001,23.523648867000077],[120.49535888500007,23.523589086000072],[120.49536342400008,23.52353619200005],[120.49536538100004,23.523471835000066],[120.49537492500006,23.52342119800005],[120.49538690200008,23.523363662000065],[120.49540871500007,23.523289959000067],[120.49542300000009,23.523239680000074],[120.49542573200007,23.52317243500005],[120.49542410000004,23.523002758000075],[120.49542494000002,23.522871250000037],[120.49542539800007,23.522749753000028],[120.49544409100008,23.52261575400007],[120.49546487200007,23.522529930000076],[120.49548324600003,23.522479720000035],[120.4955266700001,23.52241702300006],[120.49558378300001,23.522341790000045],[120.4956180050001,23.522308380000027],[120.49572985800012,23.522183065000036],[120.49576637800011,23.522143389000068],[120.49582575600006,23.522070258000042],[120.49588292700003,23.521978274000052],[120.4959445930001,23.521900970000047],[120.49598609500003,23.52180949600006],[120.49604577200013,23.52165676800007],[120.49607561200003,23.521579358000054],[120.49609180700008,23.521504004000064],[120.4960946430001,23.52135528100007],[120.49609511700011,23.52122959600007],[120.4960907860001,23.521173028000078],[120.49608188200011,23.52112272900007],[120.49605944400004,23.52104515100007],[120.49602576800011,23.520934021000073],[120.49598286600008,23.52077097300003],[120.49595154200006,23.520638899000062],[120.49589322100009,23.520433424000032],[120.49586850900005,23.520355841000026],[120.49582823600008,23.520186040000056],[120.49580354100009,23.520104265000043],[120.49579234100008,23.520060234000027],[120.49575427000002,23.519909296000037],[120.49574083800006,23.519854791000057],[120.49571576800008,23.519775879000065],[120.49570693600005,23.519706726000038],[120.49569130300007,23.519633362000036],[120.49565990800012,23.519520142000033],[120.49564194600009,23.51946143500004],[120.49562171000002,23.519402711000055],[120.495590203,23.519318820000024],[120.49556992100008,23.519272674000035],[120.49552024000003,23.519186630000036],[120.49548861600009,23.519134154000028],[120.49543438800004,23.519048097000052],[120.49538011400013,23.518974607000075],[120.49534163200006,23.518932582000048],[120.4952736790001,23.518869524000024],[120.49522043700006,23.51882812200006],[120.49514341800011,23.51875874600006],[120.49507315200003,23.518706155000075],[120.49495974100012,23.518642931000045],[120.49487127600003,23.51859446900005],[120.4948236790001,23.518558708000057],[120.49467850900011,23.51847863100005],[120.49458771700006,23.518444816000056],[120.49453324500008,23.51842369800005],[120.49446742300007,23.518398346000026],[120.49432892900008,23.518356006000033],[120.49423359100001,23.518322178000062],[120.49415644600003,23.518286313000033],[120.49407708800004,23.518233691000034],[120.49392975300009,23.51812638100006],[120.49382675300001,23.51803413600004],[120.49372936200007,23.517941653000037],[120.49361164500009,23.517815583000072],[120.49357771000007,23.517773574000046],[120.49351432000002,23.51770633900003],[120.49341479600001,23.51757823300005],[120.49331975100006,23.51746690000005],[120.49317260500003,23.51730931900005],[120.49310691300003,23.517250446000048],[120.49295069100003,23.517088645000058],[120.49289412900009,23.51701933800007],[120.49279010600003,23.516878647000055],[120.49275158200011,23.516847098000028],[120.49269208300008,23.516777889000025],[120.49255636700002,23.516603583000062],[120.49251576500002,23.516521750000038],[120.49246390200004,23.51641266100006],[120.49245045500003,23.51636234800003],[120.49243019000005,23.516311995000027],[120.49237812600006,23.516255272000024],[120.49219451200008,23.516124794000064],[120.49211742500005,23.51607427400006],[120.49197459400011,23.515977450000037],[120.49193154500007,23.515941695000038],[120.49186585100006,23.51588283300004],[120.49180698000009,23.515823992000037],[120.49173222700007,23.515756709000073],[120.49163256000008,23.51566630800005],[120.49150708700007,23.515548935000027],[120.49146858400003,23.51551319700008],[120.49140060300012,23.515458515000034],[120.49127601400005,23.51534707600007],[120.4912398,23.515307162000056],[120.4911832570001,23.51523366200007],[120.49107239400007,23.515099235000037],[120.49102267600006,23.515023663000022],[120.49099099900002,23.514985860000024],[120.49091429400005,23.514834783000026],[120.49085124400005,23.514679568000076],[120.49082190400007,23.514625005000028],[120.49077666900006,23.514566196000033],[120.49069733300007,23.514509383000075],[120.4906604680001,23.51447408200005],[120.4906152740001,23.514404803000048],[120.4905791870001,23.51433136900005],[120.4905566330001,23.51428521500003],[120.49051376000011,23.514203373000043],[120.49041901600003,23.514014537000037],[120.49038295500009,23.513934822000067],[120.49035822500002,23.513863522000065],[120.49031309500005,23.513777490000056],[120.4902905260001,23.513735517000043],[120.49024080100001,23.513662031000024],[120.49020690700002,23.513609556000063],[120.49016388200005,23.51356752500004],[120.4901208340001,23.513531770000043],[120.48997454000005,23.513433190000057],[120.4898996610001,23.513399435000053],[120.48980431300004,23.513369794000027],[120.489747523,23.513361229000054],[120.48969298200007,23.513358953000022],[120.489470245,23.513356128000055],[120.4893748080001,23.513349531000074],[120.48918619800008,23.513338437000073],[120.48904523800002,23.513348450000024],[120.48904337400008,23.51334848700003],[120.48904210900001,23.513349481000034],[120.48874636500011,23.513581568000063],[120.48856198700003,23.513782198000058],[120.48824928300006,23.514122470000075],[120.48823601100003,23.514136912000026],[120.48748823100006,23.514669474000073],[120.48646570600012,23.51530723000008],[120.4861956520001,23.515451590000055],[120.48554383500004,23.51580002000003],[120.48510729600002,23.51603337100005],[120.4850344660001,23.516072303000044],[120.48493203600003,23.516140402000076],[120.48459230500008,23.516366266000034],[120.48241593000012,23.517813168000032],[120.48219089400006,23.51796141400007],[120.48192486100002,23.51818627600005],[120.48170854800003,23.518451940000034],[120.48124491700004,23.51899770800003],[120.47981341800006,23.52068278300004],[120.4795893260001,23.52077775500004],[120.47950689400012,23.52081269200005],[120.4791801560001,23.520868036000024],[120.47830311300004,23.520790603000023],[120.47809900200004,23.520789919000038],[120.47575299400012,23.521317061000047],[120.4753626390001,23.52136315300004],[120.47501569400004,23.521382301000074],[120.47493004600005,23.52112556900005],[120.4746735320001,23.520356669000023],[120.47453164800004,23.519931367000027],[120.47359480600007,23.517501006000032],[120.47353664600007,23.51735012100005],[120.47352177300002,23.517311536000022],[120.47382926900003,23.516973953000047],[120.4738867740001,23.516800198000055],[120.47389121100004,23.51678679300005],[120.47374965000006,23.516447693000032],[120.4732619900001,23.515956171000028],[120.47309523100012,23.515568124000026],[120.47293846900004,23.51520333800005],[120.47142497700008,23.51163575000004],[120.47096631300008,23.510554555000056],[120.47081678900008,23.510202083000024],[120.4707959100001,23.510152867000045],[120.47018572800005,23.50966317700005],[120.46937334000008,23.50902501400003],[120.46893049200004,23.508677138000053],[120.46888400200008,23.50864062000005],[120.46849759500003,23.508320997000055],[120.46812714400005,23.508101814000042],[120.4680489340001,23.508055539000054],[120.46782601500003,23.50792364600005],[120.46619753700008,23.506976703000078],[120.46543162600007,23.506589333000022],[120.46483672500005,23.506289749000075],[120.46431081900003,23.506023094000057],[120.46380490500009,23.505766573000074],[120.46263193800009,23.505173296000066],[120.46219659300004,23.504953099000033],[120.46194377200004,23.504825221000033],[120.46155533700005,23.504628748000073],[120.46152934400004,23.504615414000057],[120.46152929100005,23.504615388000047],[120.46149390400001,23.50468444100005],[120.46132148100004,23.504965424000034],[120.46115068000005,23.505271632000074],[120.46096484400005,23.505571144000044],[120.46075266800005,23.505938676000028],[120.46062868900003,23.50621446200006],[120.46039166600009,23.506584606000047],[120.46007752800006,23.507039484000074],[120.45984942100004,23.507341816000064],[120.45953889600003,23.507707137000068],[120.45918033900011,23.508023725000044],[120.45894395000006,23.508190771000045],[120.4587493040001,23.508320566000066],[120.45849774100009,23.508471728000075],[120.4582312450001,23.508623072000034],[120.45807472800004,23.508662322000077],[120.457776597,23.508915043000062],[120.45763573400006,23.509131206000063],[120.45754127400006,23.509363731000064],[120.45741562600006,23.509535972000037],[120.45726456000011,23.509854509000036],[120.456935099,23.510436953000067],[120.45661708300008,23.511144356000045],[120.45630844900008,23.511768914000072],[120.45622817200001,23.512024143000076],[120.45619859100007,23.512150984000073],[120.45620335700005,23.512425329000052],[120.45622225900001,23.512833744000034],[120.4562831630001,23.512944013000038],[120.4563652180001,23.51305387800005],[120.45644656800005,23.513131619000035],[120.45657157000005,23.513156881000043],[120.45679964600005,23.513172213000075],[120.45709130300008,23.51324954300003],[120.45713809800009,23.513340556000063],[120.45730647500011,23.513528061000045],[120.45738853000012,23.513637935000077],[120.45740313400005,23.513736403000053],[120.45734630900004,23.514153126000053],[120.45735167400004,23.51434132600008],[120.4574280280001,23.514645357000067],[120.45742478700005,23.514724648000026],[120.45741082000008,23.51499588300004],[120.45737245200007,23.515289384000027],[120.45729288600012,23.51540681000006],[120.45711097700007,23.51568113700006],[120.4569865520001,23.51579594100008],[120.45666222300008,23.515931632000047],[120.45642363700006,23.516004897000073],[120.45632170600004,23.516010212000026],[120.45614521800006,23.515964067000027],[120.45599861400001,23.515918532000057],[120.45579539000005,23.515901594000074],[120.45539944300003,23.515892778000023],[120.45505887700006,23.51585538300003],[120.4548549100001,23.515861417000053],[120.45468840900003,23.51586788000003],[120.45562140900007,23.51642147700005],[120.45609220300003,23.516718850000075],[120.45624386600002,23.516859345000057],[120.45641047800005,23.517085674000047],[120.45675647300004,23.51808243000005],[120.45701835800003,23.519069861000048],[120.45731831500007,23.519353092000074],[120.4574326290001,23.519423472000028],[120.45762905700008,23.519430929000066],[120.45784169700006,23.519440700000075],[120.45804805600005,23.519414330000075],[120.45811690100004,23.519378449000044],[120.45816293100006,23.519347005000043],[120.45826807000002,23.519266102000074],[120.45842254700004,23.519092814000032],[120.45858671100007,23.518982768000058],[120.45886510200012,23.51892729900004],[120.459274531,23.51889260100006],[120.45982504100006,23.518743263000033],[120.45995611100011,23.518718886000045],[120.460751995,23.51861780100006],[120.46094532300005,23.518559776000075],[120.46115190900002,23.518476965000048],[120.46165395000004,23.51816717000003],[120.46182789400007,23.51805941300006],[120.46212666500004,23.51784372800006],[120.46321350900007,23.517034787000057],[120.46337790300004,23.51686604400004],[120.46343605100003,23.51674887200005],[120.46344053300005,23.51673984000007],[120.46349721500007,23.516799882000043],[120.46350253900005,23.516805521000038],[120.46355346300005,23.51709566100004],[120.46358246600005,23.517260917000044],[120.46364327900005,23.51760741000004],[120.46363304900001,23.517715735000024],[120.46361650500012,23.517758569000023],[120.46357401800003,23.51789838600007],[120.46298256300008,23.518602937000026],[120.46240051900007,23.521366337000075],[120.46235204400013,23.521474730000026],[120.46201141499999,23.52223637900005],[120.46208159400011,23.52232951800005],[120.46259979100012,23.52301724000006],[120.46278447200007,23.523471631000064],[120.46280128900003,23.52370195100008],[120.46280088600008,23.523801883000036],[120.46279962800007,23.524112806000062],[120.4630999640001,23.52483849200007],[120.46352682800013,23.525151495000046],[120.46359693800004,23.52544746600006],[120.46384584900012,23.52564698200007],[120.46389881000006,23.525793899000064],[120.46395097100005,23.526139472000068],[120.46394765200012,23.52616836800007],[120.4638770690001,23.526782598000068],[120.46391179200008,23.527012980000052],[120.46407098200008,23.527340863000063],[120.46356862000005,23.52806378100007],[120.4636970790001,23.528242385000055],[120.46374604000005,23.528310457000032],[120.46120756200001,23.52965166300004],[120.46103097200012,23.529811995000045],[120.4609747290001,23.52986306000003],[120.46029535200012,23.531031614000028],[120.46022027400012,23.531160752000062],[120.45975386700002,23.531800258000032],[120.4596875420001,23.531848380000046],[120.45862674800003,23.53261806300003],[120.45844196800009,23.533050856000045],[120.45846208400006,23.533258614000033],[120.458532665,23.533437199000048],[120.45860787800007,23.533530015000053],[120.45871265700009,23.53357778700007],[120.4588553100001,23.533569253000053],[120.4590023930001,23.533524615000033],[120.45906463800009,23.533476325000038],[120.45927179900002,23.53331560600003],[120.45948716200007,23.533000309000045],[120.45961786300005,23.53284499600005],[120.4597738120001,23.532689771000037],[120.45986206200008,23.532662988000027],[120.45995866300005,23.532652034000023],[120.4600172470001,23.532695131000025],[120.4600590010001,23.532738167000048],[120.46011536800006,23.532837691000054],[120.46017091300007,23.53306363200005],[120.46019589400011,23.533129184000074],[120.46026683500007,23.53321973000004],[120.46038412600002,23.533276573000023],[120.46046373800004,23.533303939000064],[120.4605603220001,23.53329750100005],[120.46067396700005,23.533234685000025],[120.4607202740001,23.533173894000072],[120.46073737200004,23.53310848500007],[120.46072093400005,23.533011358000067],[120.46072552100007,23.532936878000044],[120.46075936300008,23.532855725000047],[120.46079333900002,23.53277908900003],[120.46084812700009,23.532702524000058],[120.46092808700007,23.532644107000067],[120.46097432700003,23.532637494000028],[120.46105405000003,23.532637770000065],[120.46113774900005,23.53267643700008],[120.4612046410001,23.532746650000036],[120.46127549900007,23.53285751100003],[120.4613295580001,23.53299766300006],[120.46137167200006,23.533027154000024],[120.4614175700001,23.533029572000032],[120.46177138100006,23.532721520000052],[120.46186386200009,23.532669919000057],[120.4618867370001,23.532659297000066],[120.46199417800005,23.53260941700006],[120.46206568200012,23.532598376000067],[120.46264881800003,23.532643282000038],[120.46274504900009,23.53268650600006],[120.46389901100008,23.532755950000023],[120.46407445200009,23.53292586400005],[120.46408833100008,23.532926658000065],[120.46415844400008,23.532930669000052],[120.46416211800012,23.533043555000063],[120.46419140700006,23.53306623000003],[120.46422461300006,23.533054681000067],[120.4643006660001,23.533028228000035],[120.464431149,23.532963211000038],[120.4644771180001,23.532985944000075],[120.4645189150001,23.533056069000054],[120.4645517250001,23.533230006000053],[120.4645738050001,23.533257173000038],[120.46458506500005,23.53327301400003],[120.46462275200008,23.533300232000045],[120.46481572700009,23.533334758000027],[120.4648281650001,23.533361890000037],[120.46479437100004,23.533431756000027],[120.46481085900007,23.53347921900007],[120.4648527390001,23.533529027000043],[120.46489875300006,23.533540473000077],[120.46508786300001,23.533471140000074],[120.46520946800003,23.533521223000037],[120.46527204000004,23.533600449000062],[120.46531781600005,23.533708963000038],[120.4652881720001,23.53377432900004],[120.46524613500003,23.53380127400004],[120.46524602500007,23.533828363000055],[120.46531682400008,23.533955023000033],[120.46540005100009,23.534111074000066],[120.4655087650001,23.53420851900006],[120.4656636630001,23.53431289300005],[120.466057481,23.534481296000024],[120.46609516900004,23.53450851500003],[120.4661494700001,23.53458997000007],[120.46617852300004,23.534671338000066],[120.46618203700005,23.534824858000036],[120.46620678600004,23.53494910300003],[120.46638543800009,23.535387661000073],[120.46643571900007,23.53540363600007],[120.46651977500005,23.53539263600004],[120.46664957700011,23.535307298000077],[120.46669635700003,23.535280369000077],[120.46675513600006,23.535276056000043],[120.46704019900004,23.53535830100003],[120.46740896200002,23.535517586000026],[120.46769603700011,23.535441814000023]]]},"properties":{"VILLCODE":"10010050024","COUNTYNAME":"嘉義縣","TOWNNAME":"民雄鄉","VILLNAME":"大崎村","VILLENG":"Daqi Vil.","COUNTYID":"Q","COUNTYCODE":"10010","TOWNID":"Q05","TOWNCODE":"10010050","NOTE":""}},{"type":"Feature","geometry":{"bbox":[120.43324402400003,23.542944431000024,120.46049133700005,23.556587161000024],"type":"Polygon","coordinates":[[[120.43884972000002,23.55656506300005],[120.4394736390001,23.556361887000037],[120.44059267600004,23.55597537700004],[120.44060418900004,23.555972118000057],[120.441175411,23.555810421000047],[120.44153630100004,23.55549101300005],[120.44364223100001,23.553627084000027],[120.44366233700009,23.553609290000054],[120.4437480910001,23.553534728000045],[120.44391056200004,23.55339346100004],[120.44397602800007,23.553378381000073],[120.44416149100005,23.55333566400003],[120.44433326000001,23.553286613000072],[120.44452038400004,23.553249944000072],[120.44475187400009,23.553204581000045],[120.44494958500002,23.55318571400005],[120.44557282600012,23.55312623900005],[120.44614992700006,23.55309668800004],[120.44624309200003,23.553106050000057],[120.44615365800007,23.553595598000072],[120.44608190800011,23.55395333900003],[120.44607628900008,23.553981347000047],[120.44663367100007,23.554357656000036],[120.44727295200005,23.554789253000024],[120.44837923300007,23.555547165000064],[120.44879471500008,23.555815016000057],[120.44883573800007,23.555825929000036],[120.44902693700008,23.55587679000007],[120.44940830100008,23.555921031000025],[120.45002201500006,23.556033816000024],[120.451713229,23.55617297200007],[120.45207590200005,23.556185535000054],[120.45238485000006,23.556161790000036],[120.45274462700002,23.556012013000046],[120.4527504980001,23.556009569000025],[120.45334068900002,23.554291464000073],[120.45338167700004,23.55427277900003],[120.45363064200002,23.554159291000076],[120.4538218450001,23.553886809000062],[120.45396197600007,23.55378643100005],[120.45400373900009,23.553756515000032],[120.45425058,23.553612904000033],[120.45429084800003,23.553607835000037],[120.45470428600005,23.553555800000026],[120.45497091400011,23.553475465000076],[120.45529860100011,23.553359223000033],[120.45561303600006,23.55315263600005],[120.45589569200001,23.552941557000054],[120.4562753440001,23.55279601500007],[120.4565743400001,23.552546481000036],[120.45687475400007,23.551949298000068],[120.4570959360001,23.55172989600004],[120.45717410200007,23.551652362000027],[120.45729159700011,23.55159351800006],[120.45769336700006,23.551392305000036],[120.45823982600007,23.551218125000048],[120.45846731800009,23.55108798400005],[120.45865228500008,23.55095318000008],[120.45874173700008,23.55072231400004],[120.45875885200007,23.550678142000038],[120.45892173200002,23.55048005200007],[120.4591360280001,23.550320516000056],[120.4593829490001,23.55015432400006],[120.45962987000007,23.550101003000066],[120.45968444400013,23.550090354000076],[120.45989131900001,23.55004998900006],[120.46015603500007,23.550023818000057],[120.46031099900006,23.549897015000056],[120.46033185400005,23.549879952000026],[120.46049133700002,23.549688622000076],[120.46022391300006,23.549590624000075],[120.46014219400001,23.549527641000054],[120.46005275300003,23.54938008700003],[120.45994534700004,23.548959830000058],[120.45983711400004,23.548742739000033],[120.45960370700006,23.54841008300008],[120.45918169300012,23.547343101000024],[120.45847047300002,23.546755949000044],[120.45824447100006,23.54644814900007],[120.45819290400004,23.54641289800003],[120.45616670400013,23.54502774400004],[120.45587955400003,23.544855174000077],[120.45559216700008,23.544702921000066],[120.45517299300002,23.54455697800006],[120.45450314100003,23.544376294000074],[120.45320789500009,23.544182125000077],[120.4527963060001,23.544090382000036],[120.45252974500012,23.54401043400003],[120.45224228900008,23.54387623300005],[120.45172967200007,23.54349517600008],[120.45139961400002,23.543302131000075],[120.45111798500011,23.543169328000033],[120.45106680300012,23.543145194000033],[120.45070318900002,23.542999434000027],[120.45046973600006,23.542944431000024],[120.45027134400006,23.542959533000044],[120.45004533100006,23.542992597000023],[120.44983894600013,23.543052818000035],[120.44956858900004,23.54315119000006],[120.44932359000008,23.543297059000054],[120.44812135300003,23.544292854000048],[120.44795958800012,23.54440515400006],[120.44781708900007,23.54444754000008],[120.4475498170001,23.54442853200004],[120.4472620480001,23.54437107400003],[120.44705637300001,23.544370344000072],[120.4467479010001,23.54439633800007],[120.44637705300012,23.544480802000066],[120.44616649500004,23.544550034000054],[120.444264716,23.54582801400005],[120.44410804900008,23.54593329100004],[120.44383982700005,23.54610389900006],[120.44361333100005,23.546177586000056],[120.443469563,23.54612063600007],[120.44330553300006,23.545968800000026],[120.44320398600007,23.545741935000024],[120.4429998820001,23.545285956000043],[120.4428911770001,23.54516774600006],[120.44263122300005,23.544885068000042],[120.44232358300009,23.544676279000043],[120.44199473600008,23.54459834900007],[120.4417272270001,23.544635766000056],[120.44047068900012,23.545028565000052],[120.44005862200005,23.54516027300008],[120.43981185700011,23.54514132500003],[120.4395858370001,23.545102135000036],[120.43919579400007,23.54491110400005],[120.43873867700006,23.54462276000004],[120.43854915800011,23.544555854000066],[120.43841564500009,23.544508721000057],[120.43825105000008,23.544528444000036],[120.43818301800002,23.54454088400007],[120.43804521300001,23.54456607700007],[120.43638065000003,23.54513056700006],[120.43627343100003,23.545166925000046],[120.4362492800001,23.545168478000054],[120.43411397600003,23.545305823000035],[120.43325347700011,23.54532948600007],[120.43324402400003,23.54532974600005],[120.43326903500008,23.54568182500003],[120.43335910200005,23.54694968700005],[120.43337090500007,23.547115852000047],[120.43345934700004,23.548110050000048],[120.4335594040001,23.549234788000035],[120.43366520200003,23.550424041000042],[120.4338550430001,23.55255797800004],[120.43398362700009,23.55400329500003],[120.4339855830001,23.554285742000047],[120.43399443900012,23.554492709000044],[120.43399709200003,23.554612853000037],[120.43404224800008,23.554616920000058],[120.43566878500009,23.554763403000038],[120.43700176900008,23.555495130000054],[120.43752786500012,23.55598238400006],[120.43779559700012,23.556367117000036],[120.43788349400005,23.55637566100006],[120.43794032100004,23.556381185000077],[120.43824293000013,23.556467548000057],[120.4385892250001,23.556566382000028],[120.4387176990001,23.55658716100004],[120.43884972000002,23.55656506300005]]]},"properties":{"VILLCODE":"10010050006","COUNTYNAME":"嘉義縣","TOWNNAME":"民雄鄉","VILLNAME":"東湖村","VILLENG":"Donghu Vil.","COUNTYID":"Q","COUNTYCODE":"10010","TOWNID":"Q05","TOWNCODE":"10010050","NOTE":""}},{"type":"Feature","geometry":{"bbox":[120.46306711500006,23.604096507000065,120.48877903500006,23.618172563000066],"type":"Polygon","coordinates":[[[120.48066163700003,23.617376926000077],[120.48090646600006,23.617247304000045],[120.4812487820001,23.617066069000032],[120.48209799200002,23.616616461000035],[120.48240232600006,23.616439220000075],[120.48336212800007,23.61588024100007],[120.48478405700007,23.61511970100003],[120.48645716300007,23.614189629000066],[120.48650903300006,23.614165914000072],[120.48651550300009,23.614161163000063],[120.48684805300002,23.614146821000077],[120.48721581000007,23.61416597500005],[120.48800508400006,23.614207081000075],[120.48805619400002,23.613728713000057],[120.4881878450001,23.612496495000073],[120.48819145400012,23.612462703000062],[120.48832903400013,23.61109009200004],[120.48846447100004,23.609738827000058],[120.4884965320001,23.609418944000026],[120.48851286900003,23.609255953000062],[120.48863853700004,23.608427164000034],[120.4887790350001,23.607500548000075],[120.48875948800003,23.607499893000067],[120.48872677900012,23.607498802000066],[120.48802904500008,23.60747549900003],[120.48294892700005,23.60752857500006],[120.48025558000008,23.607550936000052],[120.47674029800011,23.607580039000027],[120.47685389800006,23.60901163500006],[120.47320790300013,23.60827114700004],[120.4731124340001,23.608251757000062],[120.46969116100001,23.607492886000045],[120.46970194000006,23.607210744000042],[120.4695275570001,23.607018267000058],[120.46943372100007,23.60697505400003],[120.46931470600009,23.606873063000023],[120.46917385000006,23.606529452000075],[120.46899585700008,23.60632115900006],[120.46895045800011,23.60626456700004],[120.46847494300005,23.60610266200007],[120.46819118200006,23.605925609000053],[120.4678911310001,23.605687550000027],[120.46742241600009,23.605207368000038],[120.46731295600013,23.60513631400005],[120.46728956100003,23.605121128000064],[120.46692656400012,23.605002495000065],[120.46665511200001,23.60496318500003],[120.46637813900007,23.604926114000023],[120.46578185200009,23.604872139000065],[120.46531662300005,23.60485699100008],[120.46512121100012,23.604793107000035],[120.4650004440001,23.604709167000067],[120.46488190700008,23.604264046000026],[120.46481616300001,23.604128374000027],[120.4647400440001,23.604096507000065],[120.46433747000005,23.60426216700006],[120.4640267870001,23.604382994000048],[120.46352757900002,23.604591208000045],[120.4632980670001,23.604705541000044],[120.46306711500006,23.60491016800006],[120.46355435800002,23.60500892300007],[120.46474906300011,23.60610113100006],[120.4665913990001,23.607317461000036],[120.46859469300011,23.608677749000037],[120.47199040400005,23.61098340100006],[120.47211819100006,23.611070165000058],[120.47298895600011,23.611637191000057],[120.47318417700001,23.611764313000037],[120.47726196000008,23.614419558000066],[120.477263708,23.61443865800004],[120.4773925710001,23.61584685500003],[120.47760451300006,23.61816288400007],[120.47760539900003,23.61817256300003],[120.48066163700003,23.617376926000077]]]},"properties":{"VILLCODE":"10010040018","COUNTYNAME":"嘉義縣","TOWNNAME":"大林鎮","VILLNAME":"義和里","VILLENG":"Yihe Vil.","COUNTYID":"Q","COUNTYCODE":"10010","TOWNID":"Q04","TOWNCODE":"10010040","NOTE":""}},{"type":"Feature","geometry":{"bbox":[120.46122988200011,23.565479974000027,120.4892650440001,23.58896081600003],"type":"Polygon","coordinates":[[[120.46517678200007,23.588948388000063],[120.46525946800011,23.58890578200004],[120.46529131200009,23.58886751500006],[120.46529808900006,23.58878175600006],[120.46533411400002,23.588504215000057],[120.46540910700001,23.58835774000005],[120.46547781800008,23.58828799600008],[120.46561566300011,23.58819591500003],[120.46660919200008,23.58755144800006],[120.46683183700009,23.58734678600007],[120.46704631300008,23.58723239300008],[120.46803558400008,23.586842990000036],[120.46907803100011,23.58655309100004],[120.4696967200001,23.586458136000033],[120.4698710450001,23.58646776100005],[120.46997105100002,23.58653356800005],[120.47003590300005,23.586624087000075],[120.47013535000008,23.586753100000067],[120.47024884500003,23.586929568000073],[120.4702998570001,23.58695908900006],[120.47040646700009,23.586982027000033],[120.47073401000011,23.586996689000046],[120.47078951500009,23.587012680000043],[120.47082984800011,23.587033134000023],[120.47085696100011,23.587067088000026],[120.47086420100003,23.587132578000023],[120.47086096700002,23.587175459000036],[120.47082313800003,23.587256597000078],[120.470637237,23.587538144000064],[120.4706207480001,23.587603554000054],[120.47061563300008,23.587657714000045],[120.47064434600009,23.587980626000046],[120.47064910900009,23.58805288100007],[120.47063006100007,23.588145371000053],[120.47060455000008,23.588208493000025],[120.4705041960001,23.588458726000056],[120.47048236700005,23.588519602000076],[120.47045264000009,23.588603025000054],[120.4704484330001,23.588659448000044],[120.47046920900003,23.58870918200006],[120.47049987000003,23.588736376000043],[120.4705539900001,23.588754621000078],[120.4706031290001,23.588754788000074],[120.47066539100001,23.588727911000035],[120.47097968600009,23.588496467000027],[120.47104834000004,23.588478640000062],[120.4711473320001,23.588492522000024],[120.47120726000004,23.588513044000027],[120.47152923300006,23.588620238000033],[120.47158217400012,23.588627192000047],[120.47165709500007,23.58861164500007],[120.47178087800012,23.58855111500003],[120.47189012700007,23.588526655000067],[120.47195584500002,23.588515591000032],[120.47199632200011,23.588538303000064],[120.47203933900003,23.588576826000065],[120.47207355800005,23.588633378000054],[120.47210777800001,23.588689930000044],[120.47214912900006,23.58872393300004],[120.47220666100009,23.58876927800003],[120.47230975100001,23.588830578000056],[120.47237443400003,23.588848858000063],[120.47243533500011,23.58885583700004],[120.47253920700007,23.58883587200006],[120.4726117890001,23.588793228000043],[120.47265421100008,23.588750480000044],[120.47271586700003,23.588644591000048],[120.47273993700004,23.58847825400005],[120.47274231400002,23.58846182700006],[120.47272696800006,23.58831729900004],[120.47266864100004,23.58789495900004],[120.47251042200003,23.587185585000043],[120.47250634200009,23.587133650000055],[120.47251505800013,23.587097561000068],[120.47255730000006,23.587061586000065],[120.47260644000006,23.587023376000047],[120.47265902000004,23.58700549400004],[120.47270162100006,23.586994353000023],[120.47275699200009,23.58696745000003],[120.47282170200005,23.586940580000032],[120.47287803600011,23.58686401800003],[120.47290252900007,23.58678734900008],[120.47290971000007,23.58625236100005],[120.47286472000006,23.585902305000047],[120.4728824130001,23.585764662000035],[120.47290441100004,23.585660892000078],[120.47295650300009,23.585573030000035],[120.47301325100011,23.585507757000073],[120.47306497300009,23.58547407100008],[120.4731268910001,23.585456218000047],[120.47328428500009,23.585449983000046],[120.47343091000003,23.585495629000036],[120.47352128300007,23.585520767000048],[120.4736244510001,23.58560012600003],[120.4743045340001,23.58634964500004],[120.47446563300004,23.58652852800003],[120.47456004300011,23.586655264000058],[120.47463282400007,23.586793213000078],[120.47471182900007,23.587021484000047],[120.47474739100005,23.587163822000036],[120.47480153100003,23.587254303000066],[120.47486790800009,23.587308706000044],[120.4749994440001,23.587338497000076],[120.47513352500005,23.58734346600005],[120.47524722100002,23.587278384000058],[120.47532487800002,23.587190607000025],[120.4753947700001,23.587053137000055],[120.47549957800004,23.58671939100003],[120.4756701550001,23.586631926000052],[120.47584545200004,23.586628004000033],[120.47597419500006,23.58666681400007],[120.47614844200008,23.586967642000047],[120.47625336300007,23.587146333000078],[120.47637153000007,23.58726637600006],[120.47650021300001,23.587359364000065],[120.47696091500006,23.58757537400004],[120.47711797900001,23.587614279000036],[120.47720068100013,23.58760552900003],[120.47727548400007,23.58758094800004],[120.47732720700004,23.587547261000054],[120.47737900200002,23.587495514000068],[120.47740366400002,23.587452705000032],[120.47742579700001,23.587391827000033],[120.4774286380001,23.587330888000054],[120.47736779000002,23.58707785000007],[120.47740262600007,23.586746121000033],[120.47729835200005,23.586364263000064],[120.47732069400001,23.58593993900007],[120.47739875700006,23.58574831900006],[120.47750777100009,23.585588408000035],[120.477662828,23.58547605700005],[120.47785126100007,23.58544057100005],[120.47810897300009,23.585500129000025],[120.478348201,23.58562735000004],[120.47847323600001,23.585713553000062],[120.47857142900013,23.585774832000027],[120.47864341600008,23.585842799000034],[120.47874159100003,23.585908595000035],[120.47881885500011,23.58595851800004],[120.47892495100008,23.585994993000043],[120.47904552800004,23.586008941000046],[120.47923638500004,23.586018611000046],[120.47937779600011,23.58598973900007],[120.47949975300003,23.58592468100005],[120.47978411500003,23.585747295000033],[120.48004259900007,23.58561045500005],[120.48026325500007,23.585516383000027],[120.48039053500008,23.585460371000067],[120.48049564600001,23.585435892000078],[120.48066724300008,23.58543872300004],[120.48078450000003,23.585400738000033],[120.4810910670001,23.585259544000053],[120.48118548800005,23.58522825500006],[120.48134917300001,23.585246822000045],[120.48134952200007,23.58524686100003],[120.48125878700012,23.584962121000046],[120.48058665400005,23.583249160000037],[120.480552782,23.583162834000063],[120.48042634700006,23.582769616000064],[120.48032822400012,23.582682077000072],[120.48013787000002,23.582512262000023],[120.47985231400001,23.58225751200007],[120.47973922400003,23.58209233900004],[120.47960047700008,23.581599752000045],[120.47965172500007,23.581217243000026],[120.47989890500003,23.579372299000056],[120.47992848500007,23.57915151800006],[120.47988863400006,23.578828569000052],[120.47988724000005,23.57881727700004],[120.47997381300002,23.578483464000044],[120.4801093100001,23.578359758000033],[120.4806386350001,23.57758044900004],[120.48101188600003,23.577571238000075],[120.48136381800009,23.577562553000064],[120.48198168700003,23.57774295200005],[120.48225874600007,23.577822885000046],[120.48272676900001,23.57811791200004],[120.48304516100008,23.578511768000055],[120.48319409500003,23.578631908000034],[120.48345003400004,23.578632759000072],[120.48392141400008,23.578460500000062],[120.48383831000001,23.57751209500003],[120.48407023100005,23.577311950000023],[120.48426765300007,23.577086859000076],[120.48443178000002,23.576960986000074],[120.48514286300009,23.57663149600006],[120.4856991170001,23.576161528000057],[120.48612663600011,23.57592816600004],[120.48640847900003,23.576037454000073],[120.48660877900011,23.57605617400003],[120.48670226700006,23.57602713600005],[120.486779317,23.575973211000075],[120.48678812900005,23.57587165500007],[120.48674010400009,23.575742822000052],[120.48644106400002,23.575409989000036],[120.48604435000003,23.57516035900005],[120.48555460100009,23.57494202500004],[120.4854058840001,23.574806085000034],[120.48511090700003,23.57386149100006],[120.48511610000004,23.572523429000057],[120.48511654900005,23.572407788000078],[120.48512532600012,23.57014576000006],[120.48518607400001,23.569905369000026],[120.48519030700004,23.569888626000022],[120.485425942,23.569634311000073],[120.48726557100008,23.568224953000026],[120.48894046200006,23.567582564000077],[120.48926504400004,23.567468698000027],[120.48924496800008,23.56743762800005],[120.48921227900006,23.56739291200006],[120.48918479100007,23.56734503000007],[120.48912800800008,23.567269968000062],[120.48904206800012,23.567131086000074],[120.489018009,23.567091176000076],[120.48899915200003,23.567048105000026],[120.48889785300004,23.566855002000068],[120.48885320700005,23.566772017000062],[120.48874811500002,23.566587110000057],[120.48872407300007,23.566542423000048],[120.48867594900003,23.566464202000077],[120.48859348400003,23.566322145000072],[120.48853343000009,23.56619768600007],[120.48845445400002,23.566047678000075],[120.48841153600006,23.56596469500005],[120.48838749000004,23.565921597000056],[120.48832514500009,23.56577096500007],[120.4882856700001,23.56569277400007],[120.48826508900004,23.565648097000064],[120.48820314200009,23.565566643000068],[120.48815489100002,23.565521876000048],[120.48811176100001,23.565494655000066],[120.48800805300004,23.565479974000027],[120.48795441200004,23.56548777200004],[120.48784187000003,23.565522438000073],[120.487753514,23.56556356600004],[120.48758003200011,23.56570477400004],[120.48751754300008,23.565765104000036],[120.48748282100007,23.565800023000065],[120.48738714400008,23.565946283000073],[120.4873348100001,23.566063986000074],[120.48727365100002,23.566227875000042],[120.48722583200004,23.566303912000024],[120.48719109800004,23.566342030000044],[120.48709375700003,23.56647074700004],[120.4870641980001,23.566512070000044],[120.48701378500003,23.566580394000027],[120.48696157100005,23.566666258000055],[120.48693016000006,23.566739433000066],[120.4869056440001,23.566818995000062],[120.48690005100003,23.566950595000037],[120.48691355500011,23.56703666800007],[120.48692547700011,23.567084502000057],[120.48694937000005,23.567167420000033],[120.4869487640001,23.567325124000035],[120.48692956200013,23.567371267000055],[120.48691036700006,23.567415810000057],[120.48687392000011,23.567449146000058],[120.48677850000001,23.567528474000028],[120.48673862100009,23.567555424000034],[120.48665890200004,23.567598170000053],[120.48660525500007,23.567607555000052],[120.48653950000005,23.567616893000036],[120.48642707700004,23.56761971000003],[120.48637347200008,23.567617935000044],[120.48608840700003,23.567618754000023],[120.48603995300006,23.567626560000065],[120.48593961900006,23.567634182000063],[120.48576493700011,23.567636794000066],[120.4856663930001,23.567628494000076],[120.48561455300012,23.56761717200004],[120.4855471630001,23.56760261000005],[120.48544523200007,23.56757519200005],[120.4853588740001,23.567546229000072],[120.48530531200005,23.567533300000036],[120.48524481300001,23.56752513600003],[120.48517223500005,23.56751055700005],[120.48508067500006,23.56748476300004],[120.4849995100001,23.567454226000052],[120.48482686500007,23.56737718300008],[120.48478944200008,23.56734760100005],[120.48472226600008,23.56727728100003],[120.4846016900001,23.567152624000073],[120.48453623600007,23.567083905000064],[120.48445872800004,23.567002399000046],[120.48439505500005,23.56692093500004],[120.4843347850001,23.566853826000056],[120.48430033800003,23.56681707000007],[120.48424867200002,23.566761146000033],[120.4841884340001,23.56668607200004],[120.48416437600008,23.56664616200004],[120.48411277100003,23.56657430300004],[120.48398824000003,23.566453460000048],[120.48395551700003,23.56641830600006],[120.48392106000007,23.566384736000035],[120.48382454700003,23.566298389000057],[120.4837745430001,23.566259991000038],[120.4837072270001,23.566226312000026],[120.48362066200002,23.566196279000053],[120.48361914700001,23.566195753000045],[120.48345145800009,23.566179258000034],[120.48338573700005,23.566180630000076],[120.48329921800008,23.56619309200005],[120.48321957400005,23.566216720000057],[120.48317104000012,23.56624522900006],[120.48312226200007,23.566275948000055],[120.48304134800003,23.566321361000064],[120.48285894900006,23.566429639000035],[120.48277295000004,23.56654683100004],[120.48263546500004,23.56670540700003],[120.48259761900012,23.566751958000054],[120.4824864950001,23.566930676000027],[120.4824395390001,23.567006459000027],[120.48240517400006,23.56704503000003],[120.48233181400009,23.567110687000024],[120.48227407000002,23.56716064500006],[120.48219302100006,23.567204783000022],[120.48215092500004,23.56723042400006],[120.48199508700009,23.56730870900003],[120.48194987000011,23.567337210000062],[120.4817370390001,23.567499418000068],[120.48170112800004,23.56753512000006],[120.4816370960001,23.567602243000067],[120.48145900100008,23.567803663000063],[120.48142465600006,23.567836507000038],[120.48133878100009,23.567920740000034],[120.48131064100006,23.567957903000035],[120.48125746200004,23.568033651000064],[120.481236683,23.568074783000043],[120.48113806900005,23.568234931000063],[120.48101108600008,23.56840395300003],[120.48091726900009,23.568531153000038],[120.4807890630001,23.56870120600007],[120.4806921500001,23.568824095000025],[120.48059835000002,23.56894700500004],[120.48053423800003,23.569034180000074],[120.4804384480001,23.569152485000075],[120.48039468400009,23.56920677100004],[120.48033223500012,23.56926674600004],[120.48026192600003,23.569348175000073],[120.48023993700008,23.56940253600004],[120.48021952200008,23.56945261900006],[120.48018326900001,23.569575719000056],[120.48011543500002,23.569771323000055],[120.48007622200011,23.56985572700006],[120.48004171900006,23.56992867200006],[120.47999629900005,23.570008752000035],[120.47993672600002,23.570128901000032],[120.47990223300009,23.570198994000066],[120.47978963800006,23.57035477900007],[120.47969367700011,23.570481606000044],[120.4796546120001,23.570527311000035],[120.47959679900009,23.57059446200003],[120.47951246700008,23.570681571000023],[120.4794672270001,23.57071580400003],[120.47939393500008,23.570764277000023],[120.47931746700012,23.57082848300007],[120.47918484500009,23.570934059000024],[120.47912400000006,23.570981137000047],[120.47906560100012,23.571036508000077],[120.47897182000008,23.571153673000026],[120.47891708700001,23.571227995000072],[120.47879349700008,23.571410960000037],[120.47875586600003,23.571488199000044],[120.47873237100009,23.57152966800004],[120.47864783700004,23.57166836300007],[120.4786036490001,23.571760995000034],[120.47856759500007,23.571832517000075],[120.47850023600007,23.571954068000025],[120.47837972000002,23.57214564700007],[120.4783437100001,23.572205701000033],[120.47831085600001,23.57225429700003],[120.47825421700009,23.572349453000072],[120.47822913300001,23.572399521000023],[120.47817907200012,23.572472414000064],[120.4781258700001,23.57255390000006],[120.47810081400007,23.572596790000034],[120.47803980100002,23.57268684600007],[120.47800384200002,23.572734007000065],[120.47794753200004,23.572814047000065],[120.47791938500006,23.572852626000042],[120.47783800100001,23.572979873000065],[120.47780793000004,23.57303104300007],[120.47772975600003,23.57313392700007],[120.47770004400003,23.573173941000054],[120.47766112800002,23.573240555000044],[120.47763571900008,23.573288655000056],[120.47760032700012,23.573359691000064],[120.47754376200011,23.57345781800007],[120.47745893900003,23.573598540000035],[120.47742208800001,23.57368380400004],[120.47737395300008,23.57378066800004],[120.47733568200012,23.57386980800004],[120.47729160500012,23.573953611000036],[120.47722640900008,23.574103467000047],[120.4772065630001,23.57414996800003],[120.4771613170001,23.574226143000033],[120.47707503000004,23.574382385000035],[120.47703260900005,23.57445469700008],[120.47692652100012,23.57464580000004],[120.476882358,23.574724313000047],[120.47673846300005,23.574885532000053],[120.47670602100004,23.574920340000062],[120.47663974400007,23.574987398000076],[120.47651428400002,23.57510340700003],[120.47640154100009,23.57520004500003],[120.47633170800007,23.575267937000035],[120.47626689800005,23.575319470000068],[120.47617244200002,23.57540841100007],[120.4760949150001,23.575479295000036],[120.47607862600013,23.575496113000042],[120.47605119600007,23.575524433000055],[120.4759651380001,23.575621159000036],[120.4758932310001,23.575690778000023],[120.47582695000006,23.575759120000043],[120.47573632700005,23.57585787200003],[120.47561082600008,23.57598422800004],[120.47554317200002,23.57604350500003],[120.4755051080001,23.576079594000078],[120.4754289670001,23.576154375000044],[120.47538100500003,23.576207244000045],[120.47533580900006,23.576270492000052],[120.47530435700003,23.57631533500006],[120.47524077700007,23.576410853000027],[120.47520972800008,23.576448268000036],[120.47518146400012,23.57649215600003],[120.47513758700006,23.576577385000064],[120.47511483800008,23.576647174000072],[120.47507800900007,23.576725958000054],[120.47502292200011,23.576804692000053],[120.47496724000005,23.576823149000063],[120.474897209,23.576816242000064],[120.47481530700009,23.576755881000054],[120.4747816160001,23.57672238400005],[120.47474795400001,23.576682215000066],[120.47471912100002,23.57664205900005],[120.47461576000002,23.576510417000065],[120.4745604960001,23.57643457900008],[120.47445005300006,23.57626063300006],[120.47437255200009,23.576142866000055],[120.47433410200006,23.57609156500007],[120.47429559800003,23.576053592000054],[120.47420892000004,23.575979868000047],[120.47415348000004,23.575948526000047],[120.47407636200002,23.57590152000006],[120.47398699300004,23.57589676500004],[120.47392174900007,23.57590099500004],[120.47382505600002,23.57591624300005],[120.4737308320001,23.57591814600005],[120.47368276200008,23.57585566700004],[120.47368304400004,23.575784459000033],[120.47368567100013,23.57573106800004],[120.4736838450001,23.57558197200007],[120.47363090800003,23.575528390000045],[120.47357538200004,23.575519299000064],[120.47350057100006,23.575499007000076],[120.47340640900006,23.575485340000057],[120.47332187400004,23.575480595000045],[120.47323733100006,23.57547807800006],[120.47315279600002,23.57547333100007],[120.47308277500007,23.575464198000077],[120.47293786200008,23.57545479500004],[120.47280505000003,23.575440980000053],[120.47274709600003,23.57543411000006],[120.47269155100003,23.575429470000078],[120.47264082900007,23.575427068000067],[120.47242344400001,23.57541741500006],[120.47233053800005,23.575405507000028],[120.47227981600007,23.57540310400003],[120.472180814,23.575391641000067],[120.47209631500006,23.57537799100004],[120.47200701000008,23.575357660000066],[120.47195150100005,23.575344124000026],[120.4718766740001,23.575328285000072],[120.47182116300009,23.57531474100006],[120.47172924900008,23.575343350000026],[120.47168326200006,23.575365445000045],[120.47163729100009,23.575383085000055],[120.47155986200005,23.57541397400007],[120.47150420300011,23.57543825600004],[120.47142442900008,23.575451328000042],[120.47132785200006,23.575437648000047],[120.47115896200012,23.575383662000036],[120.47107245100005,23.575342715000033],[120.4709806950001,23.575331276000046],[120.47092758500003,23.575322193000034],[120.47086945500007,23.575359820000074],[120.47084513800006,23.57539979300003],[120.47082564400013,23.575442003000035],[120.47080853100009,23.575493118000054],[120.47078655000008,23.575553127000035],[120.47074290600005,23.575593034000068],[120.47061255300002,23.575568101000044],[120.47056187400005,23.57555457500007],[120.47050156000012,23.57553433900006],[120.47043636000002,23.575527436000073],[120.47037096700002,23.575569490000078],[120.470351445,23.575618383000066],[120.47029796100003,23.575702745000058],[120.47018634500012,23.575735225000074],[120.47008245000008,23.57573931400003],[120.47003410000002,23.575748050000072],[120.46997602300009,23.57577232400007],[120.4699372560001,23.575801113000068],[120.46992016700007,23.575845564000076],[120.46989098200004,23.57589441300007],[120.4698787090001,23.575943334000044],[120.46986388700009,23.57602560600003],[120.46983212600003,23.57611450400003],[120.46976650100008,23.57621441300006],[120.46973736200003,23.57625213800003],[120.46966946100008,23.576316434000034],[120.4696088710001,23.576365185000046],[120.46952892900003,23.57642052700004],[120.46949977900009,23.576460483000062],[120.46946091400004,23.576513754000075],[120.46945089600001,23.576602724000054],[120.46943593300011,23.576706598000044],[120.46941341800006,23.576900111000043],[120.4694059840001,23.57694681600003],[120.46939610900007,23.57700019200007],[120.46938838200005,23.57712031400007],[120.46939287800001,23.577204895000026],[120.46939993700006,23.57725164900006],[120.46940457300002,23.577300614000023],[120.46940680300008,23.577347360000033],[120.4694137680001,23.577418585000032],[120.46942325200007,23.577463124000076],[120.46943515500006,23.577507663000063],[120.46945412800007,23.577596736000032],[120.46952613200007,23.577714918000027],[120.46957664100013,23.577770732000033],[120.46961759500006,23.57779980400005],[120.4696999030001,23.577848540000048],[120.46983486200008,23.577931334000027],[120.46988785100007,23.577971578000074],[120.46995767200008,23.578031901000035],[120.4700780170001,23.578143578000038],[120.4701165130001,23.578183764000073],[120.47014777600009,23.578219485000034],[120.47018144000003,23.578259648000028],[120.47021746300004,23.57831318100006],[120.4702630270001,23.578397892000055],[120.47028218600006,23.578440244000035],[120.47030600000005,23.57852710900005],[120.4703104670001,23.57861835500006],[120.47027877000004,23.578691674000027],[120.47023256800003,23.578767169000063],[120.4701961710001,23.578807092000034],[120.47014746500008,23.57886873600006],[120.47010606900005,23.578950917000043],[120.47008897200011,23.57899758800005],[120.47007172500003,23.57908208400005],[120.47006405200013,23.57918886300007],[120.47006141400006,23.57924448600005],[120.47006590100011,23.57933128700006],[120.4700817920001,23.579587236000066],[120.47007421700006,23.57966954400007],[120.47007384500012,23.57976300100006],[120.47005908800008,23.57983139600003],[120.47002985000006,23.579893601000038],[120.46998849700003,23.579964660000034],[120.4699423280001,23.580031260000055],[120.46991057800005,23.58011793600008],[120.46989333900001,23.580200201000025],[120.4698952660001,23.580322599000056],[120.46992387600007,23.58041838400004],[120.46995250200007,23.580509719000077],[120.46996191800008,23.580572047000032],[120.46995897900003,23.580703321000044],[120.4699394480001,23.580754444000036],[120.46990536000011,23.580821077000053],[120.46986166200008,23.580874329000043],[120.4698059550001,23.580909744000053],[120.46972849600003,23.580947296000033],[120.46968008100009,23.580971610000063],[120.46961385400003,23.581008832000066],[120.46952189100011,23.58104856400007],[120.46943717500005,23.581088330000057],[120.46938392800007,23.58111261900007],[120.46923861100002,23.581203351000056],[120.46916594000002,23.581252043000063],[120.46911504600008,23.581291926000063],[120.46904725099999,23.581329509000057],[120.46898671200006,23.581364907000022],[120.46892619800008,23.58139362600008],[120.46883198900001,23.58139107100004],[120.46877883900004,23.581390889000033],[120.46867012400003,23.581390507000037],[120.46860004400003,23.581394704000047],[120.46854206400009,23.58139450300007],[120.46845013700012,23.581425333000027],[120.46833151000008,23.58148723100004],[120.46826126200006,23.58153370900004],[120.4682030570001,23.581589145000066],[120.46816905000003,23.581635749000043],[120.4680552530001,23.581697656000074],[120.46796331700011,23.581730724000067],[120.46773858400002,23.58174328100006],[120.46763711800008,23.58174292500007],[120.4675843430001,23.581745930000068],[120.46750941500011,23.581754559000046],[120.46742000000006,23.58176092700006],[120.46731609000007,23.58176724200007],[120.46726534800007,23.58176928000006],[120.46718557800011,23.581780123000044],[120.46710342000007,23.581784292000066],[120.466992289,23.58178390300003],[120.46685944200009,23.58177676400004],[120.46676765500003,23.58177198800007],[120.46667342800004,23.581773894000037],[120.46662027900004,23.581773705000046],[120.46650911100006,23.58178220700006],[120.4664390160001,23.58179086900003],[120.4663544340001,23.58179724200005],[120.46630368900003,23.58179929900007],[120.46622877800007,23.581803483000044],[120.46613450500001,23.581816496000044],[120.46607890500002,23.581825208000055],[120.46602570900006,23.581836141000057],[120.46596046200011,23.581840369000076],[120.46586374600008,23.581860054000064],[120.46579599200004,23.581886522000048],[120.46574520700005,23.58189969600005],[120.46565810000004,23.58193276800006],[120.46555650800008,23.581963563000045],[120.46549357700007,23.58199226800008],[120.46540274000006,23.582027938000067],[120.46528897100006,23.582083162000064],[120.46524055300006,23.582107473000065],[120.46519934900003,23.582140716000026],[120.46513152400007,23.58218497200005],[120.46508792300004,23.58221375100004],[120.46494259100007,23.58230669200003],[120.46481905000009,23.58238859000005],[120.46475124300002,23.58242840400004],[120.4646761780001,23.582470431000047],[120.46465149200003,23.582484383000065],[120.46465037200005,23.58248945300005],[120.4646078610001,23.582682033000026],[120.46451492100003,23.58291422900004],[120.46397261500012,23.58426005000007],[120.46380730600005,23.58482158000004],[120.46368669800006,23.585080769000058],[120.46347945900004,23.585260649000077],[120.46318527000005,23.58544022800004],[120.46289136500002,23.585549825000044],[120.46267345700005,23.58568000200006],[120.46254242700002,23.585828540000023],[120.46241183500001,23.585868721000054],[120.46227022000004,23.585947240000053],[120.46221529700006,23.586089268000023],[120.46216018200005,23.586278702000072],[120.46220879500004,23.586445922000053],[120.46225711700005,23.586647002000063],[120.4622543500001,23.586687625000025],[120.46224358500001,23.586737252000034],[120.46223047200009,23.586762038000074],[120.46220681400008,23.58678227200005],[120.4621359890001,23.586806859000035],[120.46207318800009,23.58681567100007],[120.46178271100005,23.58679660400003],[120.46131408000008,23.586806267000043],[120.46126940300009,23.586837716000048],[120.46122988200011,23.58691884600006],[120.46132046800007,23.586966567000047],[120.46139747400001,23.58711582500007],[120.46146629400005,23.58717024300006],[120.46158420600011,23.587236116000042],[120.4617997790001,23.587304588000052],[120.46188836500005,23.58735455900006],[120.46218273600003,23.587583580000057],[120.46255021400007,23.587754161000078],[120.4626608760001,23.587871931000052],[120.46282239200004,23.587944727000036],[120.46303161900005,23.587992858000064],[120.46327593900003,23.588032080000062],[120.46364727500007,23.58804465000003],[120.46378994700001,23.588083519000065],[120.46388820700008,23.58812675000007],[120.46418268600009,23.58829256100006],[120.46439809700007,23.588401661000034],[120.46445166500007,23.588442479000037],[120.46450880600004,23.588508142000023],[120.46464442700005,23.588700492000044],[120.4646886920001,23.588770625000052],[120.46472948900009,23.58886557900007],[120.46485295100001,23.588960816000053],[120.46517678200007,23.588948388000063]]]},"properties":{"VILLCODE":"10010040014","COUNTYNAME":"嘉義縣","TOWNNAME":"大林鎮","VILLNAME":"上林里","VILLENG":"Shanglin Vil.","COUNTYID":"Q","COUNTYCODE":"10010","TOWNID":"Q04","TOWNCODE":"10010040","NOTE":""}},{"type":"Feature","geometry":{"bbox":[120.42588932500006,23.591294997000038,120.45094955000006,23.609945801000034],"type":"Polygon","coordinates":[[[120.43882805600003,23.607647316000055],[120.43898927300008,23.60572559200006],[120.43901933500001,23.605367240000078],[120.43902088000004,23.605348810000066],[120.43903103400011,23.605349680000074],[120.44405093300009,23.605780008000067],[120.44406325500006,23.605802210000036],[120.44466847800004,23.606892870000024],[120.4446757400001,23.606885185000067],[120.44559090900009,23.60591704600006],[120.44636789100002,23.605095074000076],[120.44716097000003,23.604256061000058],[120.44740759800004,23.604006364000043],[120.44741441000008,23.603986908000024],[120.44742839500007,23.60394695100007],[120.44759386100009,23.603474275000053],[120.44762680300005,23.603029680000077],[120.44753677500013,23.602225717000067],[120.44744707300003,23.60166108100003],[120.44744563300003,23.60165200800003],[120.44946619600012,23.60182190600006],[120.44987145000006,23.60185597800006],[120.45094955000002,23.601946621000025],[120.45042182500003,23.600761593000072],[120.44988427700001,23.59955449200004],[120.44950194600007,23.598719463000066],[120.44948124800011,23.598674259000063],[120.44947327300008,23.598656839000057],[120.44846813000005,23.597810638000055],[120.44699323600004,23.59656893700003],[120.44609816600007,23.595822121000026],[120.44533488000003,23.59518525200008],[120.4450749230001,23.594968350000045],[120.44507357600003,23.594933611000044],[120.44505178800011,23.594371808000062],[120.44505175200003,23.594370856000072],[120.44489386600003,23.59438007600005],[120.44479511900012,23.594375851000052],[120.44469219700011,23.594365794000055],[120.44457455100006,23.59435955600003],[120.44450522500006,23.59435542600005],[120.44437712000001,23.594337542000062],[120.44425110000007,23.59432352700003],[120.44417338200003,23.594315508000022],[120.44409568500011,23.594303609000068],[120.44404528700011,23.59429568400003],[120.44385624400002,23.59427756900004],[120.44372203800005,23.594265070000063],[120.44352667700004,23.594250807000037],[120.44342585600008,23.594240766000045],[120.44329132400003,23.594251867000025],[120.44321567000009,23.594253528000024],[120.44310009900003,23.594253106000053],[120.44302867200008,23.594248967000055],[120.44288789300005,23.594246520000073],[120.44278706400009,23.594238408000024],[120.44272826800011,23.59422851000005],[120.44256458200006,23.594177582000043],[120.44251629400003,23.594167738000067],[120.44243027800007,23.594134515000064],[120.44226249400003,23.594058424000025],[120.44218067400006,23.594027159000063],[120.44197303200008,23.593935429000055],[120.44188117500005,23.593919008000057],[120.44183076900003,23.59391302100005],[120.44176354300008,23.59390890300006],[120.44155990700004,23.593863629000055],[120.44151374500007,23.593847984000035],[120.4413437610001,23.59379510100007],[120.44126200800008,23.59374834900007],[120.44121167700007,23.59372495100007],[120.44106074500009,23.593639232000044],[120.44094334400008,23.593574941000043],[120.44079031900003,23.59348728200007],[120.4407442160001,23.593458086000055],[120.44070230500007,23.59343083500005],[120.44055342500008,23.59335674400006],[120.4405094220001,23.593327545000022],[120.44042346500011,23.593280786000037],[120.44038154000009,23.593257411000025],[120.44022698700007,23.593175958000074],[120.44018719400003,23.593144852000023],[120.44010123900011,23.59309808300003],[120.4399523930001,23.593016250000062],[120.439864337,23.592969475000075],[120.43982034300006,23.59293835400007],[120.439707128,23.592877944000065],[120.43961474600009,23.592860183000028],[120.43950554000004,23.592846226000063],[120.43942585700006,23.592807218000075],[120.43935666000004,23.59277213200005],[120.43927696000003,23.592736998000078],[120.43923082500011,23.592715541000075],[120.43907355800002,23.592637550000063],[120.43898337600002,23.592596575000073],[120.43893725600003,23.592571242000076],[120.43887016300005,23.592536164000023],[120.43877788000007,23.592495176000057],[120.43855183400002,23.592392695000058],[120.4384804660001,23.59237501000007],[120.43839864900009,23.592343749000065],[120.4383419630001,23.592331923000074],[120.43813644300008,23.592236340000056],[120.43804837200003,23.592193429000076],[120.43788686399999,23.592125095000032],[120.43780508200008,23.592086089000077],[120.43759954500001,23.591994361000047],[120.4375135680001,23.591953407000062],[120.43746742200007,23.591933880000056],[120.43730172900008,23.59186165500006],[120.437222055,23.591820724000062],[120.43716750500006,23.591801168000075],[120.43700597300005,23.591738638000038],[120.43692262500007,23.59170457400006],[120.43687017600007,23.591685022000036],[120.43669817200008,23.591614716000038],[120.43656807500008,23.591571661000046],[120.43638750800005,23.591538083000046],[120.43628673300009,23.591518359000077],[120.43611036000004,23.59148673800007],[120.4360137860001,23.591467017000074],[120.43591296800003,23.59145697100007],[120.43574281700012,23.591444722000062],[120.43569031900006,23.591436783000063],[120.43559371900005,23.59142287800006],[120.43541728800005,23.591404800000078],[120.43536268200013,23.59139878700006],[120.43531227900006,23.591392797000026],[120.43515110300008,23.59138205200003],[120.43498726400003,23.591367896000065],[120.43492216000006,23.59135991100004],[120.4347625160001,23.591347708000058],[120.43470790000003,23.59134362700007],[120.43465537600004,23.591341502000034],[120.43443057000003,23.591334852000045],[120.43434442700004,23.591332596000033],[120.4341027930001,23.59132975500006],[120.43402006300005,23.591321608000044],[120.43392151600005,23.59130472700008],[120.43390457800002,23.591301827000052],[120.43374279000012,23.591299286000037],[120.4336314430001,23.591294997000038],[120.43352427100001,23.59129654000003],[120.43344228900001,23.591303967000044],[120.43334976900009,23.591319098000046],[120.43329300200001,23.591326629000037],[120.43312546900007,23.59132810600005],[120.43292259800012,23.59132833800004],[120.43287052700009,23.59133080400005],[120.43278376,23.59133048700005],[120.43259864400012,23.591332457000078],[120.43250029700005,23.59133474300006],[120.43226537900013,23.591327599000067],[120.43221636800003,23.59133226100005],[120.4321306290001,23.591333544000065],[120.43202558500002,23.591347643000063],[120.43194330900009,23.59135701200006],[120.43185408400007,23.591355070000077],[120.43179635900003,23.591351626000062],[120.43168792200005,23.59134154900005],[120.43161973500004,23.591330013000064],[120.43156725200004,23.59132820500003],[120.43146920800008,23.591342330000032],[120.43129245000013,23.59135133600006],[120.4311459710001,23.591341353000075],[120.43101476800007,23.591336032000072],[120.43091857200012,23.591327598000078],[120.43082055600007,23.591335294000032],[120.43072608800003,23.591331723000053],[120.43065084600005,23.591333046000045],[120.43054936500005,23.59133266400005],[120.43033595500003,23.591320577000033],[120.43027644600011,23.591325190000077],[120.43022389300008,23.59133949900007],[120.43001023500004,23.591385425000055],[120.4298666850001,23.59140261500005],[120.429773854,23.59142483000005],[120.4296775680001,23.59143735300006],[120.42958496300002,23.591448723000042],[120.4295307000001,23.591453347000026],[120.42940113600002,23.59147381100007],[120.42931011200007,23.591483138000058],[120.42921383700002,23.591492454000047],[120.42908777200013,23.59151292100006],[120.42903346900005,23.59152722400006],[120.42893889500012,23.59154781600006],[120.42888636900011,23.591555678000077],[120.4287129930001,23.591592089000073],[120.4286639810001,23.591596732000028],[120.42857292200004,23.59161412000003],[120.42848711800002,23.591629914000066],[120.42839610000011,23.591637625000033],[120.42830335200004,23.591640496000025],[120.4282508350001,23.591646748000073],[120.42818608400012,23.59164972900004],[120.42807568600006,23.591687986000068],[120.42798979200008,23.59172472700004],[120.42793927300012,23.591744397000074],[120.42774641800008,23.591833911000037],[120.42769385200008,23.591851433000045],[120.42757818400003,23.59189451000003],[120.42752213200004,23.591908809000074],[120.42746784300004,23.591919877000066],[120.42733298400003,23.591949990000046],[120.42725419300008,23.591962574000036],[120.42719640500002,23.591973650000057],[120.42706849700006,23.592015066000044],[120.42701239500002,23.592040629000053],[120.42694576000008,23.59207421700006],[120.42688960300006,23.592112685000075],[120.42675971300002,23.592207270000074],[120.42656295700012,23.59238861700004],[120.42652956000006,23.592423945000064],[120.4264023810001,23.592540672000045],[120.42628991000005,23.592653056000074],[120.42620362200013,23.59278002900004],[120.42614903800008,23.592858781000075],[120.42611909800007,23.592903791000026],[120.42604846400002,23.593051770000045],[120.42599372000008,23.593167591000054],[120.42593302700006,23.593324935000055],[120.42590636900003,23.59341990000007],[120.42588972500006,23.593626103000076],[120.42588932500006,23.593717952000077],[120.42591470900003,23.593916266000065],[120.42593687400007,23.594052904000023],[120.42596765400003,23.594217375000028],[120.42599686000007,23.59434157800007],[120.42600359100005,23.594402841000033],[120.42602057500007,23.59452053700005],[120.42603772500003,23.59460118100003],[120.4260462620001,23.594649546000028],[120.42607364700007,23.594789852000076],[120.42610466000009,23.59493960700007],[120.4261354680001,23.595097641000052],[120.42614223600003,23.59515085000004],[120.42615946000001,23.59521376200007],[120.42618014700007,23.59528473900008],[120.42624092500012,23.595391323000058],[120.42627554100011,23.595478480000054],[120.42635873600011,23.595660878000047],[120.42638494900008,23.595728130000055],[120.42643711300002,23.595804073000068],[120.42653982800006,23.595923707000054],[120.42663911600005,23.596027212000028],[120.426687849,23.596087022000063],[120.42675230900012,23.596151724000038],[120.42678890500008,23.596185702000074],[120.42682912100008,23.596269015000075],[120.4268481590001,23.596317422000027],[120.42690555500006,23.59639660600004],[120.42695959400008,23.596443543000078],[120.42702756900007,23.596505033000028],[120.42708335800012,23.596551976000057],[120.42714957300007,23.596615077000024],[120.4271808950001,23.596655474000045],[120.42720873100005,23.59669264400003],[120.42724180000006,23.59673305700005],[120.4273044480001,23.596812253000053],[120.42734269800006,23.596868802000074],[120.42739567600007,23.59693948100005],[120.42742175400008,23.59697825300003],[120.4274722020001,23.597046126000066],[120.42753665700002,23.59711244300007],[120.42759234800008,23.597181952000028],[120.42762719500001,23.59721591400006],[120.42766897300011,23.59726603000007],[120.42770554400012,23.597306445000072],[120.42774213500002,23.59734203900007],[120.42777698300007,23.59737601200004],[120.42783791000011,23.597448754000027],[120.4279093360001,23.597521543000028],[120.4279580970001,23.597574907000023],[120.42810331700002,23.597734529000036],[120.42816427200013,23.597800823000057],[120.42820440500009,23.597826759000043],[120.42826709600001,23.597896285000047],[120.4283925630001,23.598016009000048],[120.42845528200007,23.59807909600005],[120.42849187200011,23.598114683000063],[120.42855631400006,23.598184223000032],[120.42861013900006,23.59823840000007],[120.42868443200007,23.598285953000072],[120.42873860100006,23.59832095300004],[120.42878804600001,23.598355936000075],[120.42883750200006,23.598388759000045],[120.42891047100011,23.598445579000042],[120.42900690600004,23.598537297000064],[120.42906340700006,23.59857883500007],[120.42918578700007,23.598679352000033],[120.42929397300009,23.598784161000026],[120.42936924900005,23.59885403800007],[120.42941392500006,23.59889989100003],[120.42946324900004,23.598963145000027],[120.42949378100003,23.599002420000033],[120.42950288200005,23.59908292800003],[120.42948137200007,23.59914156800005],[120.42939154100009,23.599160813000026],[120.429290034,23.59914955000005],[120.42924046500003,23.599142839000024],[120.429143736,23.599118546000057],[120.42897624000011,23.599074414000032],[120.42887713200003,23.59905446600004],[120.4287615300001,23.599025750000067],[120.4286175850001,23.598996940000063],[120.42856331100006,23.59898585800005],[120.42850902900011,23.598976955000072],[120.42836512400004,23.598939429000044],[120.4283108510001,23.598928356000044],[120.42823061700007,23.59891282800004],[120.42813857700003,23.59889724900006],[120.42805128600003,23.598875174000057],[120.42797650400009,23.59886221000005],[120.42789391800012,23.598844498000062],[120.42779007800006,23.598826696000064],[120.42774052800007,23.598815642000034],[120.42765796200003,23.59879357600005],[120.42756589200008,23.598784532000025],[120.42748564900012,23.598771170000077],[120.42740071200001,23.598751288000074],[120.42733460200009,23.598746681000023],[120.42723311200007,23.59873107600004],[120.42714578700009,23.598717687000033],[120.42708440800004,23.598710932000074],[120.4270159470001,23.59870415100005],[120.42691438200006,23.598705944000073],[120.4268553390001,23.59870571500005],[120.42679626600011,23.598712010000042],[120.42674429000009,23.598716169000056],[120.42669469400006,23.59871597600005],[120.42663800100001,23.598717942000064],[120.42659071100002,23.598730807000038],[120.42651021500001,23.59877618200005],[120.42642977400011,23.598808509000037],[120.42635401800011,23.598849548000032],[120.4263066310001,23.598884166000065],[120.42618800600009,23.599007694000022],[120.4261593240001,23.59908589400004],[120.42613541300011,23.59915322100005],[120.4261353180001,23.599174719000075],[120.4261347690001,23.599301124000082],[120.42613185900007,23.599427268000056],[120.42613956900006,23.59961396500006],[120.42614400000004,23.599681417000056],[120.42616195200004,23.599896831000024],[120.42616882000006,23.59994688200004],[120.4261755650001,23.60002521900003],[120.42618469700005,23.600097031000075],[120.42620099300007,23.600151480000022],[120.42623587800004,23.600275594000042],[120.42626165700004,23.600321371000064],[120.42627560900009,23.60037145600006],[120.42630611400013,23.60041724900003],[120.4263508240001,23.600454401000036],[120.42640033700003,23.600474160000033],[120.42644748600004,23.600493921000066],[120.42661214800012,23.600646814000076],[120.4267117060001,23.600749364000023],[120.42682221600012,23.600862886000073],[120.42685509100012,23.60090651400003],[120.42691145100002,23.600980684000035],[120.4269982400001,23.601118049000036],[120.42702163000001,23.601170344000025],[120.42706145800003,23.601244455000028],[120.42709667500004,23.601292450000074],[120.42714612200008,23.60132743400004],[120.4272051270001,23.601336357000037],[120.4272758210001,23.601373603000074],[120.42730163100009,23.601412852000067],[120.42735561200006,23.601491374000034],[120.4273884390001,23.601545873000077],[120.42744006600005,23.601622193000026],[120.42746818100011,23.601674514000024],[120.42755019900005,23.601822732000077],[120.42759073900005,23.601913721000074],[120.42762462200005,23.60199050500006],[120.42840725000008,23.602018758000042],[120.42919602800009,23.60216162300003],[120.42989456400005,23.60210775400003],[120.43047310800011,23.60168999700005],[120.43051385800005,23.60170636400005],[120.43067729800008,23.60177201500005],[120.43120014300008,23.602056111000024],[120.43177606200004,23.602281707000035],[120.43256520500006,23.602341030000048],[120.43314148700006,23.60248309800005],[120.43362772600005,23.602344911000046],[120.4341752570001,23.602123422000034],[120.43453865100003,23.602318885000045],[120.43478149600004,23.602349116000028],[120.43541357700006,23.60224390600007],[120.43547756600003,23.602623256000072],[120.43589859500003,23.605119202000026],[120.43628632000002,23.607417634000058],[120.43669258800003,23.60982589400004],[120.43682371200009,23.609826370000064],[120.43700493000007,23.60982702700005],[120.43751234000003,23.609828867000033],[120.43858997100007,23.60994108700004],[120.43863523000005,23.609945801000038],[120.43882805600003,23.607647316000055]]]},"properties":{"VILLCODE":"10010040005","COUNTYNAME":"嘉義縣","TOWNNAME":"大林鎮","VILLNAME":"明華里","VILLENG":"Minghua Vil.","COUNTYID":"Q","COUNTYCODE":"10010","TOWNID":"Q04","TOWNCODE":"10010040","NOTE":""}},{"type":"Feature","geometry":{"bbox":[120.64300175700009,24.447382955000027,120.6607567780001,24.464342688000023],"type":"Polygon","coordinates":[[[120.65810316500006,24.449146386000052],[120.65756469700013,24.449099690000025],[120.65659495500006,24.44901996300007],[120.65654226200002,24.448995706000062],[120.65651037900011,24.448950835000062],[120.65640872900008,24.448751154000036],[120.6561937250001,24.448848681000072],[120.65602493500013,24.448634584000047],[120.65576997800007,24.448122772000033],[120.6556824270001,24.447947013000032],[120.6555088660001,24.44759859900006],[120.6554741540001,24.447528912000053],[120.65543047500012,24.44744122900005],[120.65535160900004,24.447382955000027],[120.65525923000007,24.447409764000042],[120.6550215740001,24.44751377500006],[120.65492987800009,24.447566393000045],[120.65509874700001,24.447817452000038],[120.65510397700007,24.44782523000004],[120.65530464300002,24.448123562000035],[120.6554019890001,24.448296610000057],[120.6554533330001,24.448385528000077],[120.6554939040001,24.448466976000077],[120.65417156800005,24.44909934800006],[120.65416088900008,24.449099322000052],[120.6539450780001,24.44886590300007],[120.65359778600009,24.448459023000055],[120.65353044200005,24.448491198000056],[120.6534986690001,24.448562286000026],[120.65339661600001,24.448570946000075],[120.6532970730001,24.44855070500006],[120.65317803000006,24.448554879000028],[120.65302491600005,24.44858121300007],[120.65294363700002,24.448586514000056],[120.65294555800007,24.448646869000072],[120.65293939700005,24.448844206000047],[120.65293870000005,24.44886656500006],[120.65293308200012,24.449006732000047],[120.6529332020001,24.449015802000076],[120.65293445700001,24.449110921000056],[120.65293481700007,24.449138099000038],[120.65295107200006,24.449274251000077],[120.65296414900003,24.449367391000067],[120.65297524600008,24.44942452400005],[120.65301694400013,24.449639433000073],[120.65229206000005,24.44941196600007],[120.65222724900003,24.449453610000035],[120.65210930900001,24.449632440000073],[120.65194549600005,24.44984706500003],[120.6518170390001,24.449980723000067],[120.65166225400002,24.45014177300004],[120.65120416000002,24.45059457800005],[120.65070033400002,24.451029297000048],[120.6501661430001,24.451437242000054],[120.64997524900004,24.451578910000023],[120.64996116700001,24.451588921000056],[120.64963429400007,24.45177331600007],[120.64905045800003,24.45210962400006],[120.64871712500006,24.45228800900003],[120.64844899100002,24.45246654400006],[120.64818075400001,24.45268086400006],[120.64813380700002,24.452797989000032],[120.64810900400005,24.45281005700008],[120.6481485060001,24.45286301400006],[120.6481848200001,24.452911692000043],[120.64894394600003,24.453938436000044],[120.64923336700008,24.454322928000067],[120.64917562700009,24.454350619000024],[120.64839823700002,24.454723426000044],[120.64840286500011,24.45479732900003],[120.64840938700002,24.454901471000028],[120.64841107500003,24.454921413000022],[120.64840579500003,24.454939743000068],[120.6484005530001,24.45494451600007],[120.64838438500011,24.454958984000033],[120.64806646600005,24.455066551000073],[120.64804229900005,24.455072522000023],[120.64802815500002,24.45507248900003],[120.64801330900004,24.455070512000077],[120.64799991900009,24.455054301000075],[120.64797118900003,24.45495844800007],[120.64795496700005,24.454928917000075],[120.6467402080001,24.455531216000054],[120.64613542000006,24.45583107500005],[120.64613961400005,24.45585056500005],[120.6461528540001,24.455910646000063],[120.6461787180001,24.45601296100006],[120.64621430400008,24.45614671800007],[120.64623590500001,24.456224948000056],[120.6462484220001,24.45626730300006],[120.64626219300011,24.456313246000036],[120.64629704000005,24.456419890000063],[120.64634537400003,24.456555555000023],[120.64638885200009,24.456670664000058],[120.64644276200012,24.456805788000054],[120.64650243300001,24.456942670000046],[120.6465553270001,24.457055627000045],[120.64660738400003,24.457162749000076],[120.64665646300013,24.457256933000053],[120.64670769800011,24.457352128000025],[120.64672867200011,24.45738833200005],[120.64676340600009,24.45744829000006],[120.64677996900002,24.45747630900007],[120.64682721500003,24.45755622300004],[120.64688060900005,24.45764202600003],[120.64695506700004,24.457757792000052],[120.64703189600006,24.457868894000057],[120.64711745500006,24.457988599000032],[120.6471781680001,24.458069471000044],[120.64721602700001,24.458119901000032],[120.64724421900006,24.458155385000058],[120.64723930700006,24.45816118900007],[120.64710461600009,24.458320334000064],[120.64707518400006,24.458355108000035],[120.64641267200012,24.458789565000075],[120.64590382600011,24.459149659000047],[120.64300175700009,24.462166873000058],[120.64376642400008,24.46260204500004],[120.64545167900009,24.464342688000045],[120.64552902900004,24.46432875800008],[120.64573108100002,24.464291067000033],[120.64593313600007,24.46425204600007],[120.64613519400008,24.464211729000056],[120.64633725600004,24.464170109000065],[120.64653932200008,24.46412717100003],[120.64674139000012,24.464082923000035],[120.64694346200007,24.464037376000082],[120.64714553800002,24.463990518000063],[120.64734761600006,24.463942342000053],[120.64754969900002,24.463892866000037],[120.6477517840001,24.463842081000053],[120.6479538760001,24.463789977000033],[120.64815596700011,24.463736580000045],[120.64835806400004,24.463681866000062],[120.64856016500006,24.463625842000056],[120.64876226700005,24.463568509000027],[120.64896437300001,24.463509876000046],[120.64916648200004,24.46344992300004],[120.64936859700003,24.463388672000065],[120.64955744700002,24.46333020000003],[120.6495707150001,24.463326092000045],[120.64977283400003,24.463262228000076],[120.64997495700005,24.46319704900003],[120.65017708500011,24.463130550000074],[120.65037921400005,24.463062751000052],[120.65058135000005,24.462993641000025],[120.65078348400003,24.462923223000075],[120.65098562500009,24.462851503000024],[120.6511877690001,24.46277846600003],[120.65138991700007,24.46270412800004],[120.65159206600003,24.462628472000063],[120.65179421900007,24.462551506000068],[120.65199637700006,24.462473240000065],[120.6521985380001,24.46239366400005],[120.65240070000003,24.462312779000058],[120.65260286800002,24.462230575000035],[120.65280503700001,24.462147080000022],[120.65300721100004,24.46206225700007],[120.65320939000004,24.46197614400006],[120.65334950400008,24.461964023000064],[120.65343357600013,24.46196055300004],[120.65360685700011,24.461953401000073],[120.6537762370001,24.46194139800008],[120.65398985000003,24.46192626100003],[120.65409330200008,24.461916986000062],[120.6545383260001,24.461877082000058],[120.65495507700005,24.461827607000032],[120.65508382300006,24.46179707700003],[120.65526774300008,24.46175267600006],[120.65553940600012,24.461679883000045],[120.65561911200005,24.46165764500006],[120.6558552150001,24.461574134000045],[120.65613742100004,24.461434702000076],[120.65638588100002,24.461312004000035],[120.6566711800001,24.46116137200005],[120.65686910400008,24.461056573000064],[120.65695718100005,24.46101131200004],[120.65709121400006,24.460941670000068],[120.6572329290001,24.46085805900003],[120.657317152,24.460823271000038],[120.65750476100006,24.46073976400004],[120.65786840500004,24.460607692000053],[120.65818634600011,24.460493582000026],[120.65830088000007,24.460420138000075],[120.65837221100003,24.46036821100006],[120.65864320900005,24.460195207000027],[120.65877632300011,24.46011302900007],[120.65895700200008,24.459991899000045],[120.65908061200001,24.459914050000066],[120.65922333200002,24.45978849100004],[120.6592899310001,24.459732218000056],[120.65933765800003,24.45963249400006],[120.6593569910001,24.45950232200005],[120.65936335400012,24.45936950300006],[120.65936433600007,24.459001053000065],[120.65934680800001,24.45890889100008],[120.6592760420001,24.458784114000025],[120.65902787900008,24.45852889200006],[120.65873241700001,24.458235625000043],[120.65870472000007,24.458210171000076],[120.65858466000009,24.458099838000066],[120.65847251000002,24.457942453000044],[120.65830134200009,24.45769823100005],[120.65818535000004,24.457572222000067],[120.65805519100002,24.45748774200007],[120.657879556,24.45731483700007],[120.65775369300002,24.45717022400004],[120.65755815400009,24.456852259000073],[120.65750526200009,24.456739755000058],[120.65745702900007,24.456637159000024],[120.65738733800004,24.45647021900004],[120.65733872300007,24.456290505000027],[120.65730978000012,24.45613744400004],[120.65729728000008,24.455901192000056],[120.6573151990001,24.455749085000036],[120.65735052200012,24.45563706200005],[120.65743836600006,24.455529158000047],[120.65751312300006,24.455405206000023],[120.65757020500007,24.455341275000023],[120.6576842950001,24.45524143800003],[120.65776765700004,24.45517355900006],[120.65793869000004,24.45506183400005],[120.65806588200009,24.45497404500003],[120.65818627900002,24.45487928800003],[120.6582786550001,24.454834379000033],[120.65842587500003,24.454799824000077],[120.65862215000004,24.45476039600004],[120.65884031500002,24.454686111000058],[120.65905846500004,24.45461681000006],[120.65918454900007,24.454589060000046],[120.65926020200003,24.454572409000036],[120.65942927000005,24.454517957000064],[120.65961468700004,24.454463543000035],[120.65981110700011,24.454369281000027],[120.65994209800009,24.45428981400005],[120.66014405800001,24.454160667000053],[120.66023689200006,24.454086107000023],[120.66034616600007,24.45397669600004],[120.6604117820001,24.45391459900003],[120.66052108100007,24.453795220000078],[120.660608636,24.45365584600006],[120.66067432900003,24.453541354000038],[120.66074557700007,24.45338698300003],[120.66075677800008,24.453272368000057],[120.6607298240001,24.453162641000063],[120.66062130500006,24.45298794100006],[120.66051273500013,24.452833165000072],[120.66043138200006,24.452688439000042],[120.66031103400009,24.45252625200004],[120.66024596300008,24.452406471000078],[120.66015371200001,24.452261719000035],[120.66003433700008,24.452072032000046],[120.65998565400002,24.45193733800005],[120.65988248100005,24.451802529000076],[120.65971943700004,24.451642648000075],[120.65959441300004,24.451527725000062],[120.65948026300009,24.451422794000052],[120.65931167700012,24.45129780700006],[120.65909951300011,24.451167717000033],[120.65899077300003,24.451077760000032],[120.65886022200004,24.450992729000063],[120.65874623200013,24.45082798100003],[120.65869735200012,24.45076806300006],[120.65867592700009,24.450628436000045],[120.6586435800001,24.450498770000024],[120.65864988900012,24.45030579200005],[120.6586067490001,24.450136220000047],[120.65855266000005,24.44998656100006],[120.65847436400009,24.449844503000065],[120.65831854500004,24.44949280700007],[120.65818458900002,24.449268079000035],[120.65815548700006,24.449251482000022],[120.65810316500006,24.449146386000052]]]},"properties":{"VILLCODE":"10005020005","COUNTYNAME":"苗栗縣","TOWNNAME":"苑裡鎮","VILLNAME":"苑港里","VILLENG":"Yuangang Vil.","COUNTYID":"K","COUNTYCODE":"10005","TOWNID":"K02","TOWNCODE":"10005020","NOTE":""}},{"type":"Feature","geometry":{"bbox":[120.69939088700004,24.33148582000007,120.71941992600004,24.35963453800007],"type":"Polygon","coordinates":[[[120.70729678000009,24.35786525700007],[120.70815859900006,24.357611477000034],[120.70850526100003,24.357501540000044],[120.7089269080001,24.357440358000076],[120.70919562100003,24.35738264500003],[120.7095410840001,24.357291032000035],[120.7099051130001,24.357225980000067],[120.71040355900006,24.35712516800004],[120.71099988400012,24.357010159000026],[120.71156225000004,24.356908669000063],[120.71217343000002,24.35681443200008],[120.71290985200007,24.35672915200007],[120.71330012400004,24.35667115800004],[120.71395756900006,24.356586419000053],[120.71450998300008,24.356474499000058],[120.71490788200003,24.356403921000037],[120.71537087200012,24.356341868000072],[120.71583403800004,24.356260294000037],[120.71635320000007,24.35612523700007],[120.71640933500008,24.35611063200003],[120.71690159000002,24.355998256000078],[120.7172976600001,24.35599312100004],[120.71756595700003,24.355981305000057],[120.71779676200005,24.35595773700004],[120.71785443700003,24.355942449000054],[120.71804547800002,24.35589181100005],[120.71826666200002,24.35583076200004],[120.71823255100003,24.35556471900003],[120.71818411000004,24.354938471000025],[120.71805960400002,24.35397976600007],[120.71795241900008,24.353335858000037],[120.71787874300001,24.353017198000032],[120.71784855300008,24.35288606000006],[120.7178524210001,24.352729901000032],[120.71787238700006,24.352595676000078],[120.71787284700008,24.35254285600007],[120.71791023200002,24.352278987000034],[120.71791353800008,24.35218714000007],[120.71787699800007,24.35192158300004],[120.71779427100013,24.35149146200007],[120.71771895300004,24.351074035000067],[120.71767437600009,24.350868133000063],[120.71766444700006,24.350713013000075],[120.71765451700004,24.350557911000067],[120.71764124200001,24.35049924200007],[120.71763151900005,24.350464716000033],[120.71758579400013,24.35039088900004],[120.7175215420001,24.35028590400003],[120.71724767400008,24.349931328000025],[120.71716093600003,24.349818148000054],[120.71714732400007,24.349798530000044],[120.71712397300007,24.349745531000053],[120.71711667500006,24.349720199000046],[120.71710211700008,24.349664967000024],[120.71709622100002,24.349622430000068],[120.71710653900006,24.34958920500003],[120.7171270660001,24.349534238000047],[120.71712205800007,24.349245938000024],[120.71712911200007,24.349155263000057],[120.71712459000001,24.34909895000004],[120.71710920900011,24.34899433000004],[120.71710377400007,24.348898963000067],[120.71710773300003,24.348876027000074],[120.71713434800007,24.348841767000067],[120.71716088400002,24.348816697000075],[120.71719752200009,24.348782518000064],[120.71727944300005,24.348729138000067],[120.71737020600006,24.348667783000053],[120.71755846600003,24.34849116600003],[120.71762713100009,24.348376823000024],[120.71762358700005,24.348274832000072],[120.71761919100004,24.34820843400007],[120.71772602600004,24.348084438000058],[120.71781634000001,24.347978633000025],[120.71789980500013,24.347816545000057],[120.71794641100007,24.347695379000072],[120.71796059300004,24.347663389000047],[120.71811072000003,24.34758918000006],[120.71818629900008,24.34756126800005],[120.71823060300007,24.34752729300004],[120.71827892600002,24.347471554000037],[120.71831618800002,24.34739735200003],[120.71832574000008,24.347333181000067],[120.71832925600005,24.34724944400006],[120.71830539300004,24.34714821800003],[120.71827924100013,24.347028617000035],[120.7182278890001,24.346919069000023],[120.71817109400001,24.346845053000038],[120.71812062100004,24.346766514000027],[120.71806629200012,24.34669595000003],[120.71803673700003,24.346650891000024],[120.71800120200008,24.346581681000032],[120.71797804100004,24.34652636200008],[120.71796613700008,24.346473459000038],[120.717951823,24.34641249500004],[120.71796340000003,24.346284095000044],[120.71800125600011,24.346160550000036],[120.71803234300013,24.34607823400006],[120.71808532800003,24.345947953000064],[120.71816748300013,24.34579044000003],[120.71826241300006,24.345613539000055],[120.71835395200004,24.34540561700004],[120.71838480400005,24.34534281300006],[120.7183980220001,24.345286722000026],[120.71840719800002,24.345253538000065],[120.71841633500003,24.345223797000074],[120.71842037400006,24.34520088800008],[120.71843081700003,24.34516656200003],[120.71843621900007,24.345134490000078],[120.71843663300002,24.345100072000037],[120.71843193600012,24.345073636000052],[120.71842114800005,24.345032208000077],[120.71841756600008,24.345017259000034],[120.71841150300008,24.344999974000075],[120.71839572800002,24.34495620900003],[120.71837860200004,24.344920466000076],[120.71836648900013,24.34488477000008],[120.71835185600003,24.344850189000056],[120.7183298540001,24.34480291600005],[120.71831524900006,24.344766050000032],[120.71830175800004,24.34474066300004],[120.71829693600012,24.34472455500003],[120.71828243000004,24.344679652000025],[120.7182827040001,24.344656701000076],[120.7182596130001,24.34459565000003],[120.71825482000008,24.344577240000035],[120.71823763700002,24.344546085000047],[120.7182168160001,24.34450455800004],[120.71820204800008,24.344481451000036],[120.71818235900002,24.344450274000053],[120.71816526000008,24.344412229000056],[120.71812447500008,24.344362465000074],[120.71809868200012,24.34431745300003],[120.71807284800003,24.344275881000044],[120.71804347300008,24.344215906000045],[120.7180287430001,24.344189371000027],[120.71799682000007,24.34413280700005],[120.71787714100005,24.343969791000063],[120.71775688300009,24.34375053800005],[120.71762942300006,24.34350480700005],[120.71751564700003,24.34326841400008],[120.71739047100006,24.343041071000073],[120.71735351900007,24.34298560700006],[120.71731272200009,24.342937000000063],[120.71731276200002,24.342933550000055],[120.71725500100003,24.34293985300008],[120.71724091800002,24.342963800000064],[120.71721439500006,24.34297960600003],[120.71719547400005,24.34298859000006],[120.71716415700007,24.342985976000026],[120.71713569100008,24.342954699000074],[120.71711490100006,24.342910880000034],[120.71709162800006,24.342864741000028],[120.71707710800003,24.342820988000028],[120.71705875600003,24.342782941000056],[120.71704401300009,24.342757541000026],[120.71704175300012,24.342736859000073],[120.71703971600004,24.342697824000027],[120.71704265200003,24.34266227200004],[120.71704310900009,24.342624415000046],[120.71704351100004,24.34259114400004],[120.71704152600012,24.342547511000078],[120.71701843600012,24.342486457000064],[120.71699766000006,24.342441491000045],[120.71697944600011,24.342391959000054],[120.71697226600007,24.342363205000026],[120.71699876600006,24.342349703000025],[120.71703281100008,24.34233399200008],[120.71705550800006,24.34232388600003],[120.71708697800011,24.342313878000027],[120.71713866200002,24.342291456000055],[120.71716892100005,24.342277996000064],[120.71727984100005,24.34223092800005],[120.7173050570001,24.342219706000037],[120.71733151100011,24.342209652000065],[120.71737944900009,24.342186050000066],[120.71740221200002,24.342170211000056],[120.71742122700006,24.342153189000044],[120.71743916800006,24.34212124300007],[120.71745589500006,24.342085835000034],[120.71747295600007,24.34202289700005],[120.71748347000005,24.341982847000054],[120.71749653200006,24.341939369000045],[120.71750815100006,24.341911941000035],[120.71753021200006,24.34185020500007],[120.71753934900006,24.341820464000023],[120.7175510200001,24.341788450000024],[120.71756127200001,24.34177019400005],[120.71758927100005,24.341736060000073],[120.717605778,24.341719010000077],[120.71762478000007,24.341703135000046],[120.71766643200009,24.341680615000033],[120.71810768300008,24.34158986500006],[120.71848674800005,24.34156044200006],[120.71875784300006,24.341541407000022],[120.71898523300001,24.34150700600003],[120.7192030880001,24.34143118800006],[120.71931797300012,24.341366951000055],[120.71937865800011,24.341326252000044],[120.71939775500005,24.341302351000024],[120.71941832700008,24.34126010700004],[120.71941992600011,24.341231424000057],[120.7193535560001,24.34111944100005],[120.71932506300004,24.341090467000072],[120.71930527800009,24.34106731600008],[120.7192805730001,24.341036076000027],[120.71924977800006,24.340989870000048],[120.71921523600008,24.340942468000037],[120.71918940300009,24.340900894000075],[120.7191449810001,24.340840769000067],[120.71908380600007,24.340713915000038],[120.71895105500006,24.340491094000072],[120.71879667100006,24.340294442000072],[120.7187128060001,24.340177692000054],[120.71868552500008,24.340152171000057],[120.71867209100003,24.340122198000074],[120.71864756700008,24.34007605000005],[120.71861783400003,24.34004591100006],[120.71858564800006,24.340011162000053],[120.71855338100009,24.33998328100006],[120.71852235200004,24.339956578000056],[120.71850366800005,24.339946062000024],[120.71846507500003,24.339922713000078],[120.71844020500009,24.339905250000072],[120.71841518400004,24.339900407000073],[120.71836271600012,24.339883807000035],[120.71833509100007,24.339886970000066],[120.71824201600009,24.339910117000045],[120.71813093200001,24.33997095600006],[120.7180065550001,24.33999034400006],[120.71772946900002,24.33998636800004],[120.717037751,24.339946043000054],[120.71647107100011,24.339935670000045],[120.71613356800005,24.339950586000043],[120.71581769700003,24.339939327000025],[120.71569632400008,24.339917437000054],[120.71562873900007,24.33990642200007],[120.71559626500004,24.339895761000037],[120.71555756200009,24.339881594000076],[120.71550892500011,24.339859299000068],[120.71547295200003,24.339826800000026],[120.71543229300005,24.339766716000042],[120.71540764600002,24.33973088700003],[120.71536577700012,24.33966734300003],[120.71534994700006,24.339628171000072],[120.7153153800001,24.33958306100004],[120.71528199500005,24.339543712000022],[120.71525722400007,24.339518204000058],[120.71521382600008,24.33947759800003],[120.71518541500006,24.339441746000034],[120.71515950000003,24.339407051000023],[120.71514223800011,24.339382768000064],[120.7151251260001,24.339345879000064],[120.71511421700008,24.33931478100004],[120.71511226200006,24.339268864000076],[120.7151201580001,24.339237961000038],[120.71513184500007,24.33920480300003],[120.71519630600005,24.338850878000077],[120.71519596700013,24.338463017000038],[120.71516668100003,24.338084040000073],[120.71512693000011,24.337844937000057],[120.71500968400005,24.33748113200005],[120.71496827500005,24.337379720000058],[120.71489528800011,24.337400783000078],[120.71484337000004,24.337442717000048],[120.71462755500009,24.337557554000057],[120.71444070400003,24.33766236300005],[120.71439166400013,24.337673341000027],[120.71435282500012,24.33767064700004],[120.71433915800004,24.337660175000053],[120.71433692600009,24.337637202000053],[120.7143686610001,24.33760539800005],[120.71438658800002,24.33757459700007],[120.71442081400004,24.33754396300003],[120.7144601130001,24.337508797000055],[120.71451573900003,24.337471495000045],[120.71455492400003,24.337445501000047],[120.71460978000005,24.337368036000044],[120.71463021400007,24.337337251000065],[120.71465056600005,24.33731337200004],[120.71467843800008,24.337289551000026],[120.71471906200009,24.337248656000046],[120.71473187400012,24.337225844000045],[120.71473100800006,24.337193699000068],[120.71471869400011,24.337175212000034],[120.71468416600008,24.337126670000032],[120.7146483460001,24.337081546000036],[120.71460610600002,24.33704897900003],[120.71458887000007,24.33702242000004],[120.7145781250001,24.336977551000075],[120.71457490600005,24.33693276200006],[120.7145979290001,24.336895136000066],[120.714786462,24.336547060000047],[120.71490468500008,24.33641401600005],[120.71496150700011,24.33638131200007],[120.71499559800009,24.336362154000028],[120.71502825000005,24.336357900000053],[120.71506582400002,24.336361726000064],[120.71511702100008,24.33637946500005],[120.71523560900005,24.336424274000024],[120.71530189300006,24.33643872200003],[120.715353229,24.336444994000036],[120.7153807860001,24.33644756600006],[120.71539347600003,24.336435063000067],[120.71540392200006,24.33640075600005],[120.715409324,24.336368677000053],[120.71541717900003,24.33634121600005],[120.71541735900007,24.336326300000053],[120.71545166800001,24.33628877700005],[120.7154706980001,24.33627062000005],[120.71550990900006,24.336242335000065],[120.71557286300005,24.336221171000034],[120.71560423500011,24.336219198000038],[120.71566575500003,24.33621294200003],[120.71569216800003,24.33620632700007],[120.71570352100002,24.336200704000078],[120.71572888700007,24.33617686200006],[120.71577453600003,24.33613487200006],[120.71579125200003,24.336100613000042],[120.71584593100012,24.335933642000043],[120.71591551600011,24.33577828400007],[120.7159340940001,24.335693562000074],[120.715892488,24.335608223000065],[120.7155630200001,24.335269780000033],[120.7153824840001,24.335059080000065],[120.71525595800006,24.334840906000068],[120.71500662500011,24.334512473000075],[120.7146444230001,24.33397747400005],[120.71461712800011,24.333745384000053],[120.71458647600002,24.33347999700004],[120.71465211600001,24.332924123000055],[120.71470950600009,24.332636685000068],[120.7147470340001,24.33243625800003],[120.71472925500008,24.332039029000043],[120.7147394210001,24.33161226400006],[120.71475290000002,24.33148582000007],[120.7142953660001,24.33176482500005],[120.71403334000001,24.331956193000053],[120.71379786700004,24.332321420000028],[120.71349522700008,24.332702321000056],[120.71291602600002,24.333161697000037],[120.71248925900012,24.33361910700006],[120.7118000490001,24.334243053000023],[120.71142781700006,24.334549330000073],[120.7105862750001,24.335123320000037],[120.70970344600005,24.335771717000057],[120.70854460300005,24.33658887200005],[120.70762939800012,24.33724623200004],[120.70680114400011,24.33771865800003],[120.706262433,24.337961401000033],[120.70519800900001,24.338282123000056],[120.70348012900001,24.338852117000044],[120.7018623560001,24.339275566000026],[120.70090749300005,24.339354945000025],[120.69965005499999,24.339828741000076],[120.69944898500013,24.34118722000005],[120.69945020600007,24.341453580000067],[120.6996752450001,24.342142496000065],[120.69976149400009,24.342788247000044],[120.69977835700003,24.34340903100008],[120.69978070100002,24.34391692300005],[120.69961933700007,24.34489174600003],[120.69939088700004,24.346299831000067],[120.69990732800011,24.347230852000052],[120.69997797100007,24.347508636000043],[120.70022240500009,24.34938491500003],[120.70026694500008,24.350023811000028],[120.70020162000003,24.35082275600007],[120.7000420920001,24.352192607000063],[120.70004365700005,24.35250862600003],[120.7001749550001,24.353973857000028],[120.70022420100008,24.35555855900003],[120.70019113600004,24.35730562200007],[120.70002785200008,24.35963404900008],[120.7000278180001,24.359634538000023],[120.70054255500008,24.359593774000075],[120.7014360070001,24.359496308000075],[120.70220725600007,24.35935584400005],[120.70282420100011,24.35921662000004],[120.70359207500007,24.359051997000055],[120.70412395000005,24.358898959000044],[120.70480779600007,24.358658594000076],[120.70529884300005,24.358471691000034],[120.70575743400003,24.35827517200005],[120.70605627799999,24.35818075800006],[120.70632084000012,24.358111088000047],[120.70672034800009,24.357997435000073],[120.7072856850001,24.357867789000068],[120.70729678000009,24.35786525700007]]]},"properties":{"VILLCODE":"66000210010","COUNTYNAME":"臺中市","TOWNNAME":"外埔區","VILLNAME":"土城里","VILLENG":"Tucheng Vil.","COUNTYID":"B","COUNTYCODE":"66000","TOWNID":"B21","TOWNCODE":"66000210","NOTE":""}},{"type":"Feature","geometry":{"bbox":[120.59411769300004,23.877068747000067,120.62672675800006,23.889330137000066],"type":"Polygon","coordinates":[[[120.60112708400004,23.889116087000048],[120.60184929000002,23.889054540000075],[120.6040908760001,23.888900844000034],[120.6043712280001,23.88889374300004],[120.60445599200011,23.888925190000066],[120.60457413900009,23.889198659000044],[120.6047014730001,23.88923797700005],[120.60517730900007,23.889192387000037],[120.60579234300008,23.889083904000074],[120.60618361,23.88890542200005],[120.60674509500008,23.88863369200004],[120.60732355300001,23.88835424000007],[120.60759561800013,23.888284659000078],[120.60816547800005,23.888044173000026],[120.60834426500001,23.887919777000036],[120.60869968100009,23.887802177000026],[120.60883838200004,23.887721544000044],[120.60887222400005,23.887667618000023],[120.60883892700008,23.88754024600007],[120.6087596950001,23.887389633000055],[120.60865963100004,23.887138657000037],[120.60840401500003,23.886497994000024],[120.60834783100007,23.88633298800005],[120.60831985800007,23.886228808000055],[120.60841452500006,23.886150954000072],[120.60859592600002,23.886034612000064],[120.60880007600008,23.885965705000046],[120.60898910600008,23.885910704000025],[120.60943489000009,23.88589795000007],[120.60971633700002,23.885854573000074],[120.61018348000005,23.885728863000054],[120.61029562500006,23.885694803000035],[120.61062466600004,23.885524144000044],[120.61077804700005,23.885428470000022],[120.61101386900009,23.88521982900005],[120.611396548,23.88496219500007],[120.61187164500008,23.884640923000063],[120.6123514100001,23.884414304000074],[120.61256193400004,23.884310045000063],[120.61268571000004,23.88428661100005],[120.612781702,23.884280108000045],[120.6128591480001,23.884292148000043],[120.61294582500011,23.88430931100004],[120.61319217200003,23.884408543000063],[120.61338583600002,23.88442268700004],[120.61358264100011,23.88437925900007],[120.61396545100001,23.88429725000003],[120.61436592500002,23.88423410000007],[120.61445108600003,23.88420501300004],[120.61485021600004,23.884000969000056],[120.61554188000002,23.883685383000056],[120.61595145000001,23.883559458000036],[120.61621198300007,23.883477138000046],[120.61651154000005,23.883335068000065],[120.61726173200009,23.883024495000033],[120.6178043420001,23.88279155600003],[120.61827766000012,23.882656034000036],[120.61858597700007,23.88260307300004],[120.61907777600004,23.88250726600006],[120.61921387500003,23.88248414000003],[120.61985278700001,23.882173167000076],[120.62040610300005,23.882002586000056],[120.62076350600012,23.881948777000048],[120.62101760500002,23.881918686000063],[120.62127013700001,23.88182273600006],[120.62188024600006,23.88161182500005],[120.62296301800008,23.881296828000075],[120.62414098200009,23.880982962000076],[120.62439758900007,23.880921814000033],[120.62515709500008,23.880575070000077],[120.62573395700008,23.880248167000047],[120.62636716700003,23.87997870600003],[120.62636709300013,23.879978382000047],[120.62636708500008,23.879978347000076],[120.62635653700012,23.879932299000075],[120.62646209400008,23.87982634200006],[120.62658639900006,23.879724891000023],[120.626679673,23.879657973000064],[120.62672675800003,23.879590113000063],[120.62672003400006,23.87949724500004],[120.6266809240001,23.879418286000032],[120.62659422800004,23.879310859000043],[120.62642829400012,23.87908909500004],[120.62626752500012,23.878900566000027],[120.62593460100004,23.878493733000028],[120.6257901030001,23.87831316100005],[120.6256227670001,23.87806157700004],[120.625456557,23.877785915000064],[120.62521776100004,23.877475005000065],[120.62500345100013,23.877310796000074],[120.62485672700006,23.877180700000054],[120.6248251620001,23.877112017000062],[120.62482530900002,23.877088362000052],[120.62482543400007,23.877068747000067],[120.62458009800004,23.877107401000046],[120.62407309200012,23.877172667000025],[120.62392822000005,23.877195780000022],[120.62377472900005,23.877254098000037],[120.6233653370001,23.877436974000034],[120.62308390700004,23.877553669000065],[120.62274703000004,23.877697605000037],[120.62255954700004,23.877728433000073],[120.62234770500004,23.877720943000043],[120.62157274700007,23.87766031900003],[120.62135551900008,23.877667596000038],[120.62116375000005,23.877706249000028],[120.62082270600001,23.87781886600004],[120.61991892600008,23.878117899000074],[120.6189058330001,23.878469686000074],[120.61837719300003,23.878648345000045],[120.61821942700011,23.878710555000055],[120.61814692100006,23.87874559100004],[120.61804435800003,23.878862711000068],[120.61772822600007,23.87919060300004],[120.617634285,23.879272530000037],[120.61751482700004,23.879342663000045],[120.61736986900006,23.879393167000046],[120.61701760000005,23.879463859000055],[120.61625491300003,23.879571489000057],[120.6154751900001,23.87967907000007],[120.61523658200008,23.879713681000055],[120.614806024,23.87984954600006],[120.61418067900003,23.88004870700007],[120.61327268200012,23.880328132000045],[120.61256080600003,23.880537624000056],[120.61231796300001,23.880564400000026],[120.61210919200006,23.880591251000055],[120.61188348900009,23.88058286300003],[120.6114576750001,23.88055437500003],[120.61111797600006,23.88051760600007],[120.60924896100005,23.880289796000056],[120.60910842700001,23.880285521000076],[120.60848568500013,23.88044754400005],[120.60819590800008,23.880471013000033],[120.60808219700004,23.880473472000062],[120.60793398600003,23.88046337700007],[120.6078222860001,23.880435705000025],[120.60769574300001,23.88038916100004],[120.6076101220001,23.88036326100007],[120.60753570600002,23.88032884200004],[120.60741670900005,23.880249782000078],[120.607318157,23.880187912000054],[120.60720416100003,23.88011173700005],[120.60716323700001,23.880091091000057],[120.60713530200007,23.880087597000056],[120.60703472600007,23.880078771000058],[120.60693043800006,23.88006481500003],[120.60684291500002,23.880052610000064],[120.6067200020001,23.88003689100003],[120.60659958300005,23.880017766000037],[120.60650273300006,23.880008958000076],[120.60642262800002,23.88000703800003],[120.60634814100001,23.879996581000057],[120.60627361900004,23.87999638100007],[120.60616182400008,23.88000122400007],[120.60605933300008,23.880009522000023],[120.60594196600003,23.880009221000023],[120.60584692100008,23.880019253000057],[120.60572665300003,23.880031496000072],[120.60560553000005,23.880039746000023],[120.60540614900003,23.880052914000032],[120.60529061900002,23.880061178000062],[120.6052551900001,23.88007135400005],[120.60522721000008,23.880083265000053],[120.60519919900003,23.88010545000003],[120.60515806600006,23.880153283000027],[120.60513179200007,23.880216549000068],[120.60509615100011,23.880296911000073],[120.60506977900002,23.88039270200005],[120.60504716800007,23.88047652800003],[120.60503026300012,23.88052269800005],[120.6050133130001,23.880582566000044],[120.60500175100003,23.880631368000024],[120.60498670100003,23.880679259000033],[120.60498101100006,23.880711777000045],[120.60496775300008,23.880783627000028],[120.60494520500005,23.880846912000038],[120.60490766600003,23.880939242000068],[120.60488139600012,23.881000811000035],[120.60486082000011,23.881028145000073],[120.60481977100004,23.881048582000062],[120.60477842800003,23.881074841000043],[120.60472622700001,23.881086690000075],[120.60468710500005,23.881086590000052],[120.60461071200008,23.881089806000034],[120.60448216000009,23.881091191000053],[120.60428468200008,23.881090683000025],[120.60409277300005,23.88109703500004],[120.60397218900005,23.881105302000037],[120.60385295700007,23.881104995000044],[120.60368898900002,23.881113133000042],[120.60352690200013,23.881114423000042],[120.60341136000012,23.881126107000057],[120.60325856200005,23.881135979000078],[120.60318215500003,23.881144342000027],[120.60308896900005,23.881156085000043],[120.60287719100008,23.881182943000056],[120.60283433800011,23.881184539000063],[120.6027840050001,23.881194684000036],[120.60273739900003,23.881204831000048],[120.60265724200009,23.88122002800003],[120.6025509740001,23.88124543500004],[120.60247269600008,23.88125548900007],[120.60234780700013,23.881277425000064],[120.60223038800005,23.881294232000073],[120.602129729,23.881312808000075],[120.60209431000011,23.881319561000055],[120.60195641300004,23.881331186000068],[120.60182492800004,23.881339197000045],[120.60174852800003,23.88134413800003],[120.60166843600007,23.881338784000036],[120.60149151000009,23.88131949800004],[120.60138161300006,23.881312361000028],[120.60123255800012,23.88131710400006],[120.60110586800012,23.88131849100006],[120.60094192600003,23.881318066000063],[120.60079358600001,23.88132114900003],[120.60070600900008,23.88132605000004],[120.60051038900009,23.881327249000037],[120.60035202900009,23.88132854500003],[120.60014151000006,23.881327998000074],[120.59992168300005,23.881325710000056],[120.59959196400006,23.88131457700007],[120.59947172900003,23.881315925000024],[120.59917928200002,23.881301466000025],[120.59903396800009,23.881301087000054],[120.59891658900004,23.88130419500004],[120.59873275300004,23.88131456800005],[120.5984104580001,23.881312012000024],[120.59826886700013,23.881313349000038],[120.59815332300002,23.88132502900004],[120.59808808600009,23.881335126000067],[120.59802095100008,23.881357208000054],[120.5979612440001,23.881386144000032],[120.59790151700008,23.881421936000038],[120.59785110600001,23.881457751000028],[120.59776523300003,23.88151401500005],[120.59766238100009,23.881638706000047],[120.59758137100006,23.88173717000007],[120.59750657000006,23.881827703000056],[120.59743364300004,23.88191481100006],[120.59735515200009,23.881993343000033],[120.59731586500004,23.88204631700006],[120.59728781400008,23.882080474000077],[120.59727093100003,23.882118093000035],[120.59723169100006,23.882155644000022],[120.59712154500005,23.882228964000035],[120.59704454600002,23.88228292100007],[120.59696240000004,23.882339195000043],[120.5969511730001,23.882354570000075],[120.59693805300003,23.88238020500006],[120.59692484800009,23.882433239000022],[120.59688344300001,23.882568367000033],[120.59684198500008,23.88272060500003],[120.59682282400003,23.882815546000074],[120.59677579400011,23.882962641000063],[120.59673266800007,23.883051541000043],[120.59668781500012,23.88309763700005],[120.59660934800002,23.883167628000024],[120.59655710800007,23.88319143600006],[120.59648621800011,23.883222068000066],[120.5964395960001,23.88323735000006],[120.59636317900004,23.883247416000074],[120.5962998320001,23.883248967000043],[120.59618329200009,23.883233076000067],[120.59609391400012,23.883217436000052],[120.59600266700009,23.883203491000074],[120.59589652900002,23.883186101000035],[120.59576065100009,23.883146375000024],[120.5956768850001,23.88312389600003],[120.59560054400005,23.883109997000076],[120.59549434800012,23.883111425000042],[120.59542539000006,23.883119804000046],[120.59531430600009,23.883133029000078],[120.59487650500013,23.883130153000025],[120.59479642200006,23.88312139100003],[120.59461386900011,23.883114057000057],[120.59444153200002,23.883096031000036],[120.59435027100005,23.883087239000076],[120.59429253900011,23.883080233000044],[120.59424043900003,23.88305955300007],[120.59418834500003,23.883037158000036],[120.59416264900004,23.883020282000075],[120.59411769300004,23.88299075900005],[120.59434316000012,23.88471642500008],[120.59465795000006,23.886581523000075],[120.59465989600004,23.886839789000078],[120.59470175,23.888523720000023],[120.59472048000009,23.889325083000074],[120.59509821100005,23.88929739200006],[120.59574370500002,23.88927165800004],[120.59696724000003,23.889286940000034],[120.59844786200006,23.889309684000068],[120.5985752690001,23.889324696000074],[120.59879285000012,23.88933013700006],[120.60112708400004,23.889116087000048]]]},"properties":{"VILLCODE":"10007170020","COUNTYNAME":"彰化縣","TOWNNAME":"社頭鄉","VILLNAME":"埤斗村","VILLENG":"Pidou Vil.","COUNTYID":"N","COUNTYCODE":"10007","TOWNID":"N19","TOWNCODE":"10007170","NOTE":""}}]}